Ticker,Date,Open,High,Low,Close,Adj Close,Volume,Index,Currency
INDEXSP,2019-01-02,2476.96,2519.49,2467.47,2510.03,2510.03,3733160000,US,USD
INDEXSP,2019-01-03,2491.92,2493.14,2443.96,2447.89,2447.89,3822860000,US,USD
INDEXSP,2019-01-04,2474.33,2538.07,2474.33,2531.94,2531.94,4213410000,US,USD
INDEXSP,2019-01-07,2535.61,2566.16,2524.56,2549.69,2549.69,4104710000,US,USD
INDEXSP,2019-01-08,2568.11,2579.82,2547.56,2574.41,2574.41,4083030000,US,USD
INDEXSP,2019-01-09,2580,2595.32,2568.89,2584.96,2584.96,4052480000,US,USD
INDEXSP,2019-01-10,2573.51,2597.82,2562.02,2596.64,2596.64,3704500000,US,USD
INDEXSP,2019-01-11,2588.11,2596.27,2577.4,2596.26,2596.26,3434490000,US,USD
INDEXSP,2019-01-14,2580.31,2589.32,2570.41,2582.61,2582.61,3664450000,US,USD
INDEXSP,2019-01-15,2585.1,2613.08,2585.1,2610.3,2610.3,3572330000,US,USD
INDEXSP,2019-01-16,2614.75,2625.76,2612.68,2616.1,2616.1,3863770000,US,USD
INDEXSP,2019-01-17,2609.28,2645.06,2606.36,2635.96,2635.96,3772270000,US,USD
INDEXSP,2019-01-18,2651.27,2675.47,2647.58,2670.71,2670.71,3986730000,US,USD
INDEXSP,2019-01-22,2657.88,2657.88,2617.27,2632.9,2632.9,3908030000,US,USD
INDEXSP,2019-01-23,2643.48,2653.19,2612.86,2638.7,2638.7,3335610000,US,USD
INDEXSP,2019-01-24,2638.84,2647.2,2627.01,2642.33,2642.33,3433250000,US,USD
INDEXSP,2019-01-25,2657.44,2672.38,2657.33,2664.76,2664.76,3814080000,US,USD
INDEXSP,2019-01-28,2644.97,2644.97,2624.06,2643.85,2643.85,3612810000,US,USD
INDEXSP,2019-01-29,2644.89,2650.93,2631.05,2640,2640,3504200000,US,USD
INDEXSP,2019-01-30,2653.62,2690.44,2648.34,2681.05,2681.05,3867810000,US,USD
INDEXSP,2019-01-31,2685.49,2708.95,2678.65,2704.1,2704.1,4917650000,US,USD
INDEXSP,2019-02-01,2702.32,2716.66,2696.88,2706.53,2706.53,3759270000,US,USD
INDEXSP,2019-02-04,2706.49,2724.99,2698.75,2724.87,2724.87,3359840000,US,USD
INDEXSP,2019-02-05,2728.34,2738.98,2724.03,2737.7,2737.7,3560430000,US,USD
INDEXSP,2019-02-06,2735.05,2738.08,2724.15,2731.61,2731.61,3472690000,US,USD
INDEXSP,2019-02-07,2717.53,2719.32,2687.26,2706.05,2706.05,4099490000,US,USD
INDEXSP,2019-02-08,2692.36,2708.07,2681.83,2707.88,2707.88,3622330000,US,USD
INDEXSP,2019-02-11,2712.4,2718.05,2703.79,2709.8,2709.8,3361970000,US,USD
INDEXSP,2019-02-12,2722.61,2748.19,2722.61,2744.73,2744.73,3827770000,US,USD
INDEXSP,2019-02-13,2750.3,2761.85,2748.63,2753.03,2753.03,3670770000,US,USD
INDEXSP,2019-02-14,2743.5,2757.9,2731.23,2745.73,2745.73,3836700000,US,USD
INDEXSP,2019-02-15,2760.24,2775.66,2760.24,2775.6,2775.6,3641370000,US,USD
INDEXSP,2019-02-19,2769.28,2787.33,2767.29,2779.76,2779.76,3533710000,US,USD
INDEXSP,2019-02-20,2779.05,2789.88,2774.06,2784.7,2784.7,3835450000,US,USD
INDEXSP,2019-02-21,2780.24,2781.58,2764.55,2774.88,2774.88,3559710000,US,USD
INDEXSP,2019-02-22,2780.67,2794.2,2779.11,2792.67,2792.67,3427810000,US,USD
INDEXSP,2019-02-25,2804.35,2813.49,2794.99,2796.11,2796.11,3804380000,US,USD
INDEXSP,2019-02-26,2792.36,2803.12,2789.47,2793.9,2793.9,3645680000,US,USD
INDEXSP,2019-02-27,2787.5,2795.76,2775.13,2792.38,2792.38,3767130000,US,USD
INDEXSP,2019-02-28,2788.11,2793.73,2782.51,2784.49,2784.49,4396930000,US,USD
INDEXSP,2019-03-01,2798.22,2808.02,2787.38,2803.69,2803.69,3972280000,US,USD
INDEXSP,2019-03-04,2814.37,2816.88,2767.66,2792.81,2792.81,3919810000,US,USD
INDEXSP,2019-03-05,2794.41,2796.44,2782.97,2789.65,2789.65,3585690000,US,USD
INDEXSP,2019-03-06,2790.27,2790.27,2768.69,2771.45,2771.45,3786600000,US,USD
INDEXSP,2019-03-07,2766.53,2767.25,2739.09,2748.93,2748.93,3904860000,US,USD
INDEXSP,2019-03-08,2730.79,2744.13,2722.27,2743.07,2743.07,3423130000,US,USD
INDEXSP,2019-03-11,2747.61,2784,2747.61,2783.3,2783.3,3749030000,US,USD
INDEXSP,2019-03-12,2787.34,2798.32,2786.73,2791.52,2791.52,3414230000,US,USD
INDEXSP,2019-03-13,2799.78,2821.24,2799.78,2810.92,2810.92,3766150000,US,USD
INDEXSP,2019-03-14,2810.38,2815,2803.46,2808.48,2808.48,3469730000,US,USD
INDEXSP,2019-03-15,2810.79,2830.73,2810.79,2822.48,2822.48,5962730000,US,USD
INDEXSP,2019-03-18,2822.61,2835.41,2821.99,2832.94,2832.94,3552190000,US,USD
INDEXSP,2019-03-19,2840.76,2852.42,2823.27,2832.57,2832.57,3620220000,US,USD
INDEXSP,2019-03-20,2831.34,2843.54,2812.43,2824.23,2824.23,3771200000,US,USD
INDEXSP,2019-03-21,2819.72,2860.31,2817.38,2854.88,2854.88,3546800000,US,USD
INDEXSP,2019-03-22,2844.52,2846.16,2800.47,2800.71,2800.71,4237200000,US,USD
INDEXSP,2019-03-25,2796.01,2809.79,2785.02,2798.36,2798.36,3376580000,US,USD
INDEXSP,2019-03-26,2812.66,2829.87,2803.99,2818.46,2818.46,3266050000,US,USD
INDEXSP,2019-03-27,2819.72,2825.56,2787.72,2805.37,2805.37,3372930000,US,USD
INDEXSP,2019-03-28,2809.4,2819.71,2798.77,2815.44,2815.44,3158170000,US,USD
INDEXSP,2019-03-29,2828.27,2836.03,2819.23,2834.4,2834.4,3740700000,US,USD
INDEXSP,2019-04-01,2848.63,2869.4,2848.63,2867.19,2867.19,3500760000,US,USD
INDEXSP,2019-04-02,2868.24,2872.9,2858.75,2867.24,2867.24,3246900000,US,USD
INDEXSP,2019-04-03,2876.09,2885.25,2865.17,2873.4,2873.4,3550240000,US,USD
INDEXSP,2019-04-04,2873.99,2881.28,2867.14,2879.39,2879.39,3015180000,US,USD
INDEXSP,2019-04-05,2884.16,2893.24,2882.99,2892.74,2892.74,3146820000,US,USD
INDEXSP,2019-04-08,2888.46,2895.95,2880.78,2895.77,2895.77,3054030000,US,USD
INDEXSP,2019-04-09,2886.58,2886.88,2873.33,2878.2,2878.2,3007980000,US,USD
INDEXSP,2019-04-10,2881.37,2889.71,2879.13,2888.21,2888.21,3062380000,US,USD
INDEXSP,2019-04-11,2891.92,2893.42,2881.99,2888.32,2888.32,2938540000,US,USD
INDEXSP,2019-04-12,2900.86,2910.54,2898.37,2907.41,2907.41,3688490000,US,USD
INDEXSP,2019-04-15,2908.32,2909.6,2896.48,2905.58,2905.58,3088330000,US,USD
INDEXSP,2019-04-16,2912.26,2916.06,2900.71,2907.06,2907.06,3402210000,US,USD
INDEXSP,2019-04-17,2916.04,2918,2895.45,2900.45,2900.45,3602300000,US,USD
INDEXSP,2019-04-18,2904.81,2908.4,2891.9,2905.03,2905.03,3506850000,US,USD
INDEXSP,2019-04-22,2898.78,2909.51,2896.35,2907.97,2907.97,2997950000,US,USD
INDEXSP,2019-04-23,2909.99,2936.31,2908.53,2933.68,2933.68,3635030000,US,USD
INDEXSP,2019-04-24,2934,2936.83,2926.05,2927.25,2927.25,3448960000,US,USD
INDEXSP,2019-04-25,2928.99,2933.1,2912.84,2926.17,2926.17,3425280000,US,USD
INDEXSP,2019-04-26,2925.81,2939.88,2917.56,2939.88,2939.88,3248500000,US,USD
INDEXSP,2019-04-29,2940.58,2949.52,2939.35,2943.03,2943.03,3118780000,US,USD
INDEXSP,2019-04-30,2937.14,2948.22,2924.11,2945.83,2945.83,3919330000,US,USD
INDEXSP,2019-05-01,2952.33,2954.13,2923.36,2923.73,2923.73,3645850000,US,USD
INDEXSP,2019-05-02,2922.16,2931.68,2900.5,2917.52,2917.52,3778890000,US,USD
INDEXSP,2019-05-03,2929.21,2947.85,2929.21,2945.64,2945.64,3338120000,US,USD
INDEXSP,2019-05-06,2908.89,2937.32,2898.21,2932.47,2932.47,3181520000,US,USD
INDEXSP,2019-05-07,2913.03,2913.03,2862.6,2884.05,2884.05,3767100000,US,USD
INDEXSP,2019-05-08,2879.61,2897.96,2873.28,2879.42,2879.42,3485790000,US,USD
INDEXSP,2019-05-09,2859.84,2875.97,2836.4,2870.72,2870.72,3638820000,US,USD
INDEXSP,2019-05-10,2863.1,2891.31,2825.39,2881.4,2881.4,3529600000,US,USD
INDEXSP,2019-05-13,2840.19,2840.19,2801.43,2811.87,2811.87,3894030000,US,USD
INDEXSP,2019-05-14,2820.12,2852.54,2820.12,2834.41,2834.41,3322720000,US,USD
INDEXSP,2019-05-15,2820.38,2858.68,2815.08,2850.96,2850.96,3125950000,US,USD
INDEXSP,2019-05-16,2855.8,2892.15,2855.8,2876.32,2876.32,3338060000,US,USD
INDEXSP,2019-05-17,2858.6,2885.48,2854.23,2859.53,2859.53,3257950000,US,USD
INDEXSP,2019-05-20,2841.94,2853.86,2831.29,2840.23,2840.23,3288870000,US,USD
INDEXSP,2019-05-21,2854.02,2868.88,2854.02,2864.36,2864.36,3218700000,US,USD
INDEXSP,2019-05-22,2856.06,2865.47,2851.11,2856.27,2856.27,3192510000,US,USD
INDEXSP,2019-05-23,2836.7,2836.7,2805.49,2822.24,2822.24,3891980000,US,USD
INDEXSP,2019-05-24,2832.41,2841.36,2820.19,2826.06,2826.06,2887390000,US,USD
INDEXSP,2019-05-28,2830.03,2840.51,2801.58,2802.39,2802.39,4121410000,US,USD
INDEXSP,2019-05-29,2790.25,2792.03,2766.06,2783.02,2783.02,3700050000,US,USD
INDEXSP,2019-05-30,2786.94,2799,2776.74,2788.86,2788.86,3273790000,US,USD
INDEXSP,2019-05-31,2766.15,2768.98,2750.52,2752.06,2752.06,3981020000,US,USD
INDEXSP,2019-06-03,2751.53,2763.07,2728.81,2744.45,2744.45,3966700000,US,USD
INDEXSP,2019-06-04,2762.64,2804.49,2762.64,2803.27,2803.27,3810430000,US,USD
INDEXSP,2019-06-05,2818.09,2827.28,2800.92,2826.15,2826.15,3548830000,US,USD
INDEXSP,2019-06-06,2828.51,2852.1,2822.45,2843.49,2843.49,3396410000,US,USD
INDEXSP,2019-06-07,2852.87,2884.97,2852.87,2873.34,2873.34,3220250000,US,USD
INDEXSP,2019-06-10,2885.83,2904.77,2885.51,2886.73,2886.73,3209210000,US,USD
INDEXSP,2019-06-11,2903.27,2910.61,2878.53,2885.72,2885.72,3548420000,US,USD
INDEXSP,2019-06-12,2882.73,2888.57,2874.68,2879.84,2879.84,3034130000,US,USD
INDEXSP,2019-06-13,2886.24,2895.24,2881.99,2891.64,2891.64,3069810000,US,USD
INDEXSP,2019-06-14,2886.82,2894.45,2879.62,2886.98,2886.98,2922330000,US,USD
INDEXSP,2019-06-17,2889.75,2897.27,2887.3,2889.67,2889.67,2810140000,US,USD
INDEXSP,2019-06-18,2906.71,2930.79,2905.44,2917.75,2917.75,3437620000,US,USD
INDEXSP,2019-06-19,2920.55,2931.74,2911.43,2926.46,2926.46,3287890000,US,USD
INDEXSP,2019-06-20,2949.6,2958.06,2931.5,2954.18,2954.18,3905940000,US,USD
INDEXSP,2019-06-21,2952.71,2964.15,2946.87,2950.46,2950.46,5000120000,US,USD
INDEXSP,2019-06-24,2951.42,2954.92,2944.05,2945.35,2945.35,3136250000,US,USD
INDEXSP,2019-06-25,2945.78,2946.52,2916.01,2917.38,2917.38,3578050000,US,USD
INDEXSP,2019-06-26,2926.07,2932.59,2912.99,2913.78,2913.78,3478130000,US,USD
INDEXSP,2019-06-27,2919.66,2929.3,2918.57,2924.92,2924.92,3122920000,US,USD
INDEXSP,2019-06-28,2932.94,2943.98,2929.05,2941.76,2941.76,5420700000,US,USD
INDEXSP,2019-07-01,2971.41,2977.93,2952.22,2964.33,2964.33,3513270000,US,USD
INDEXSP,2019-07-02,2964.66,2973.21,2955.92,2973.01,2973.01,3206840000,US,USD
INDEXSP,2019-07-03,2978.08,2995.84,2977.96,2995.82,2995.82,1963720000,US,USD
INDEXSP,2019-07-05,2984.25,2994.03,2967.97,2990.41,2990.41,2434210000,US,USD
INDEXSP,2019-07-08,2979.77,2980.76,2970.09,2975.95,2975.95,2904550000,US,USD
INDEXSP,2019-07-09,2965.52,2981.9,2963.44,2979.63,2979.63,3028210000,US,USD
INDEXSP,2019-07-10,2989.3,3002.98,2984.62,2993.07,2993.07,3154240000,US,USD
INDEXSP,2019-07-11,2999.62,3002.33,2988.8,2999.91,2999.91,3154620000,US,USD
INDEXSP,2019-07-12,3003.36,3013.92,3001.87,3013.77,3013.77,2974960000,US,USD
INDEXSP,2019-07-15,3017.8,3017.8,3008.77,3014.3,3014.3,2874970000,US,USD
INDEXSP,2019-07-16,3012.13,3015.02,3001.15,3004.04,3004.04,3290650000,US,USD
INDEXSP,2019-07-17,3005.1,3005.26,2984.25,2984.42,2984.42,3181600000,US,USD
INDEXSP,2019-07-18,2978.87,2998.28,2973.09,2995.11,2995.11,3296580000,US,USD
INDEXSP,2019-07-19,3004.26,3006.02,2975.86,2976.61,2976.61,3260360000,US,USD
INDEXSP,2019-07-22,2981.93,2990.71,2976.65,2985.03,2985.03,3003720000,US,USD
INDEXSP,2019-07-23,2994.74,3005.9,2988.56,3005.47,3005.47,3313660000,US,USD
INDEXSP,2019-07-24,2998.77,3019.59,2996.82,3019.56,3019.56,3428980000,US,USD
INDEXSP,2019-07-25,3016.26,3016.31,2997.24,3003.67,3003.67,3645270000,US,USD
INDEXSP,2019-07-26,3013.25,3027.98,3012.59,3025.86,3025.86,3257590000,US,USD
INDEXSP,2019-07-29,3024.47,3025.61,3014.3,3020.97,3020.97,3203710000,US,USD
INDEXSP,2019-07-30,3007.66,3017.19,3000.94,3013.18,3013.18,3634330000,US,USD
INDEXSP,2019-07-31,3016.22,3017.4,2958.08,2980.38,2980.38,4623430000,US,USD
INDEXSP,2019-08-01,2980.32,3013.59,2945.23,2953.56,2953.56,4762300000,US,USD
INDEXSP,2019-08-02,2943.9,2945.5,2914.11,2932.05,2932.05,3874660000,US,USD
INDEXSP,2019-08-05,2898.07,2898.07,2822.12,2844.74,2844.74,4513730000,US,USD
INDEXSP,2019-08-06,2861.18,2884.4,2847.42,2881.77,2881.77,4154240000,US,USD
INDEXSP,2019-08-07,2858.65,2892.17,2825.71,2883.98,2883.98,4491750000,US,USD
INDEXSP,2019-08-08,2896.21,2938.72,2894.47,2938.09,2938.09,4106370000,US,USD
INDEXSP,2019-08-09,2930.51,2935.75,2900.15,2918.65,2918.65,3350640000,US,USD
INDEXSP,2019-08-12,2907.07,2907.58,2873.14,2882.7,2882.7,2851630000,US,USD
INDEXSP,2019-08-13,2880.72,2943.31,2877.05,2926.32,2926.32,3853600000,US,USD
INDEXSP,2019-08-14,2894.15,2894.15,2839.64,2840.6,2840.6,4312530000,US,USD
INDEXSP,2019-08-15,2846.2,2856.67,2825.51,2847.6,2847.6,4038000000,US,USD
INDEXSP,2019-08-16,2864.74,2893.63,2864.74,2888.68,2888.68,3498150000,US,USD
INDEXSP,2019-08-19,2913.48,2931,2913.48,2923.65,2923.65,3212880000,US,USD
INDEXSP,2019-08-20,2919.01,2923.63,2899.6,2900.51,2900.51,3066300000,US,USD
INDEXSP,2019-08-21,2922.04,2928.73,2917.91,2924.43,2924.43,3011190000,US,USD
INDEXSP,2019-08-22,2930.94,2939.08,2904.51,2922.95,2922.95,2890880000,US,USD
INDEXSP,2019-08-23,2911.07,2927.01,2834.97,2847.11,2847.11,3937300000,US,USD
INDEXSP,2019-08-26,2866.7,2879.27,2856,2878.38,2878.38,2857600000,US,USD
INDEXSP,2019-08-27,2893.14,2898.79,2860.59,2869.16,2869.16,3533630000,US,USD
INDEXSP,2019-08-28,2861.28,2890.03,2853.05,2887.94,2887.94,3097420000,US,USD
INDEXSP,2019-08-29,2910.37,2930.5,2905.67,2924.58,2924.58,3176190000,US,USD
INDEXSP,2019-08-30,2937.09,2940.43,2913.32,2926.46,2926.46,3008450000,US,USD
INDEXSP,2019-09-03,2909.01,2914.39,2891.85,2906.27,2906.27,3426790000,US,USD
INDEXSP,2019-09-04,2924.67,2938.84,2921.86,2937.78,2937.78,3163260000,US,USD
INDEXSP,2019-09-05,2960.6,2985.86,2960.6,2976,2976,3890700000,US,USD
INDEXSP,2019-09-06,2980.33,2985.03,2972.51,2978.71,2978.71,3208280000,US,USD
INDEXSP,2019-09-09,2988.43,2989.43,2969.39,2978.43,2978.43,4002890000,US,USD
INDEXSP,2019-09-10,2971.01,2979.39,2957.01,2979.39,2979.39,4390770000,US,USD
INDEXSP,2019-09-11,2981.41,3000.93,2975.31,3000.93,3000.93,3927550000,US,USD
INDEXSP,2019-09-12,3009.08,3020.74,3000.92,3009.57,3009.57,3791860000,US,USD
INDEXSP,2019-09-13,3012.21,3017.33,3002.9,3007.39,3007.39,3520060000,US,USD
INDEXSP,2019-09-16,2996.41,3002.19,2990.67,2997.96,2997.96,4274640000,US,USD
INDEXSP,2019-09-17,2995.67,3006.21,2993.73,3005.7,3005.7,3671840000,US,USD
INDEXSP,2019-09-18,3001.5,3007.83,2978.57,3006.73,3006.73,3435540000,US,USD
INDEXSP,2019-09-19,3010.36,3021.99,3003.16,3006.79,3006.79,3251290000,US,USD
INDEXSP,2019-09-20,3008.42,3016.37,2984.68,2992.07,2992.07,6094740000,US,USD
INDEXSP,2019-09-23,2983.5,2999.15,2982.23,2991.78,2991.78,3186590000,US,USD
INDEXSP,2019-09-24,3002.43,3007.98,2957.73,2966.6,2966.6,3868160000,US,USD
INDEXSP,2019-09-25,2968.35,2989.82,2952.86,2984.87,2984.87,3318870000,US,USD
INDEXSP,2019-09-26,2985.73,2987.28,2963.71,2977.62,2977.62,3077240000,US,USD
INDEXSP,2019-09-27,2985.47,2987.31,2945.53,2961.79,2961.79,3243650000,US,USD
INDEXSP,2019-09-30,2967.07,2983.85,2967.07,2976.74,2976.74,3247610000,US,USD
INDEXSP,2019-10-01,2983.69,2992.53,2938.7,2940.25,2940.25,3558040000,US,USD
INDEXSP,2019-10-02,2924.78,2924.78,2874.93,2887.61,2887.61,3912520000,US,USD
INDEXSP,2019-10-03,2885.38,2911.13,2855.94,2910.63,2910.63,3503640000,US,USD
INDEXSP,2019-10-04,2918.56,2953.74,2918.56,2952.01,2952.01,2990830000,US,USD
INDEXSP,2019-10-07,2944.23,2959.75,2935.68,2938.79,2938.79,2940140000,US,USD
INDEXSP,2019-10-08,2920.4,2925.47,2892.66,2893.06,2893.06,3356450000,US,USD
INDEXSP,2019-10-09,2911.1,2929.32,2907.41,2919.4,2919.4,2726820000,US,USD
INDEXSP,2019-10-10,2918.55,2948.46,2917.12,2938.13,2938.13,3217250000,US,USD
INDEXSP,2019-10-11,2963.07,2993.28,2963.07,2970.27,2970.27,3580460000,US,USD
INDEXSP,2019-10-14,2965.81,2972.84,2962.94,2966.15,2966.15,2557020000,US,USD
INDEXSP,2019-10-15,2973.61,3003.28,2973.61,2995.68,2995.68,3340740000,US,USD
INDEXSP,2019-10-16,2989.68,2997.54,2985.2,2989.69,2989.69,3222570000,US,USD
INDEXSP,2019-10-17,3000.77,3008.29,2991.79,2997.95,2997.95,3115960000,US,USD
INDEXSP,2019-10-18,2996.84,3000,2976.31,2986.2,2986.2,3264290000,US,USD
INDEXSP,2019-10-21,2996.48,3007.33,2995.35,3006.72,3006.72,3271620000,US,USD
INDEXSP,2019-10-22,3010.73,3014.57,2995.04,2995.99,2995.99,3523890000,US,USD
INDEXSP,2019-10-23,2994.01,3004.78,2991.21,3004.52,3004.52,3392870000,US,USD
INDEXSP,2019-10-24,3014.78,3016.07,3000.42,3010.29,3010.29,3692600000,US,USD
INDEXSP,2019-10-25,3003.32,3027.39,3001.94,3022.55,3022.55,3370370000,US,USD
INDEXSP,2019-10-28,3032.12,3044.08,3032.12,3039.42,3039.42,3521230000,US,USD
INDEXSP,2019-10-29,3035.39,3047.87,3034.81,3036.89,3036.89,3589930000,US,USD
INDEXSP,2019-10-30,3039.74,3050.1,3025.96,3046.77,3046.77,3776030000,US,USD
INDEXSP,2019-10-31,3046.9,3046.9,3023.19,3037.56,3037.56,4139280000,US,USD
INDEXSP,2019-11-01,3050.72,3066.95,3050.72,3066.91,3066.91,3930200000,US,USD
INDEXSP,2019-11-04,3078.96,3085.2,3074.87,3078.27,3078.27,4146850000,US,USD
INDEXSP,2019-11-05,3080.8,3083.95,3072.15,3074.62,3074.62,4486130000,US,USD
INDEXSP,2019-11-06,3075.1,3078.34,3065.89,3076.78,3076.78,4458190000,US,USD
INDEXSP,2019-11-07,3087.02,3097.77,3080.23,3085.18,3085.18,4144640000,US,USD
INDEXSP,2019-11-08,3081.25,3093.09,3073.58,3093.08,3093.08,3499150000,US,USD
INDEXSP,2019-11-11,3080.33,3088.33,3075.82,3087.01,3087.01,3035530000,US,USD
INDEXSP,2019-11-12,3089.28,3102.61,3084.73,3091.84,3091.84,3466010000,US,USD
INDEXSP,2019-11-13,3084.18,3098.06,3078.8,3094.04,3094.04,3509280000,US,USD
INDEXSP,2019-11-14,3090.75,3098.2,3083.26,3096.63,3096.63,3276070000,US,USD
INDEXSP,2019-11-15,3107.92,3120.46,3104.6,3120.46,3120.46,3335650000,US,USD
INDEXSP,2019-11-18,3117.91,3124.17,3112.06,3122.03,3122.03,3436690000,US,USD
INDEXSP,2019-11-19,3127.45,3127.64,3113.47,3120.18,3120.18,3590070000,US,USD
INDEXSP,2019-11-20,3114.66,3118.97,3091.41,3108.46,3108.46,4034890000,US,USD
INDEXSP,2019-11-21,3108.49,3110.11,3094.55,3103.54,3103.54,3720560000,US,USD
INDEXSP,2019-11-22,3111.41,3112.87,3099.26,3110.29,3110.29,3226780000,US,USD
INDEXSP,2019-11-25,3117.44,3133.83,3117.44,3133.64,3133.64,3511530000,US,USD
INDEXSP,2019-11-26,3134.85,3142.69,3131,3140.52,3140.52,4595590000,US,USD
INDEXSP,2019-11-27,3145.49,3154.26,3143.41,3153.63,3153.63,3033090000,US,USD
INDEXSP,2019-11-29,3147.18,3150.3,3139.34,3140.98,3140.98,1743020000,US,USD
INDEXSP,2019-12-02,3143.85,3144.31,3110.78,3113.87,3113.87,3268740000,US,USD
INDEXSP,2019-12-03,3087.41,3094.97,3070.33,3093.2,3093.2,3653390000,US,USD
INDEXSP,2019-12-04,3103.5,3119.38,3102.53,3112.76,3112.76,3695030000,US,USD
INDEXSP,2019-12-05,3119.21,3119.45,3103.76,3117.43,3117.43,3355750000,US,USD
INDEXSP,2019-12-06,3134.62,3150.6,3134.62,3145.91,3145.91,3479480000,US,USD
INDEXSP,2019-12-09,3141.86,3148.87,3135.46,3135.96,3135.96,3345990000,US,USD
INDEXSP,2019-12-10,3135.36,3142.12,3126.09,3132.52,3132.52,3343790000,US,USD
INDEXSP,2019-12-11,3135.75,3143.98,3133.21,3141.63,3141.63,3252540000,US,USD
INDEXSP,2019-12-12,3141.23,3176.28,3138.47,3168.57,3168.57,3990690000,US,USD
INDEXSP,2019-12-13,3166.65,3182.68,3156.51,3168.8,3168.8,3736870000,US,USD
INDEXSP,2019-12-16,3183.63,3197.71,3183.63,3191.45,3191.45,4051790000,US,USD
INDEXSP,2019-12-17,3195.4,3198.22,3191.03,3192.52,3192.52,3837540000,US,USD
INDEXSP,2019-12-18,3195.21,3198.48,3191.14,3191.14,3191.14,4014080000,US,USD
INDEXSP,2019-12-19,3192.32,3205.48,3192.32,3205.37,3205.37,3720450000,US,USD
INDEXSP,2019-12-20,3223.33,3225.65,3216.03,3221.22,3221.22,6454270000,US,USD
INDEXSP,2019-12-23,3226.05,3227.78,3222.3,3224.01,3224.01,3060610000,US,USD
INDEXSP,2019-12-24,3225.45,3226.43,3220.51,3223.38,3223.38,1296540000,US,USD
INDEXSP,2019-12-26,3227.2,3240.08,3227.2,3239.91,3239.91,2160680000,US,USD
INDEXSP,2019-12-27,3247.23,3247.93,3234.37,3240.02,3240.02,2428670000,US,USD
INDEXSP,2019-12-30,3240.09,3240.92,3216.57,3221.29,3221.29,3013290000,US,USD
INDEXSP,2019-12-31,3215.18,3231.72,3212.03,3230.78,3230.78,2893810000,US,USD
INDEXSP,2020-01-02,3244.67,3258.14,3235.53,3257.85,3257.85,3458250000,US,USD
INDEXSP,2020-01-03,3226.36,3246.15,3222.34,3234.85,3234.85,3461290000,US,USD
INDEXSP,2020-01-06,3217.55,3246.84,3214.64,3246.28,3246.28,3674070000,US,USD
INDEXSP,2020-01-07,3241.86,3244.91,3232.43,3237.18,3237.18,3420380000,US,USD
INDEXSP,2020-01-08,3238.59,3267.07,3236.67,3253.05,3253.05,3720890000,US,USD
INDEXSP,2020-01-09,3266.03,3275.58,3263.67,3274.7,3274.7,3638390000,US,USD
INDEXSP,2020-01-10,3281.81,3282.99,3260.86,3265.35,3265.35,3212970000,US,USD
INDEXSP,2020-01-13,3271.13,3288.13,3268.43,3288.13,3288.13,3456380000,US,USD
INDEXSP,2020-01-14,3285.35,3294.25,3277.19,3283.15,3283.15,3665130000,US,USD
INDEXSP,2020-01-15,3282.27,3298.66,3280.69,3289.29,3289.29,3716840000,US,USD
INDEXSP,2020-01-16,3302.97,3317.11,3302.82,3316.81,3316.81,3535080000,US,USD
INDEXSP,2020-01-17,3323.66,3329.88,3318.86,3329.62,3329.62,3698170000,US,USD
INDEXSP,2020-01-21,3321.03,3329.79,3316.61,3320.79,3320.79,4105340000,US,USD
INDEXSP,2020-01-22,3330.02,3337.77,3320.04,3321.75,3321.75,3619850000,US,USD
INDEXSP,2020-01-23,3315.77,3326.88,3301.87,3325.54,3325.54,3764860000,US,USD
INDEXSP,2020-01-24,3333.1,3333.18,3281.53,3295.47,3295.47,3707130000,US,USD
INDEXSP,2020-01-27,3247.16,3258.85,3234.5,3243.63,3243.63,3823100000,US,USD
INDEXSP,2020-01-28,3255.35,3285.78,3253.22,3276.24,3276.24,3526720000,US,USD
INDEXSP,2020-01-29,3289.46,3293.47,3271.89,3273.4,3273.4,3584500000,US,USD
INDEXSP,2020-01-30,3256.45,3285.91,3242.8,3283.66,3283.66,3787250000,US,USD
INDEXSP,2020-01-31,3282.33,3282.33,3214.68,3225.52,3225.52,4527830000,US,USD
INDEXSP,2020-02-03,3235.66,3268.44,3235.66,3248.92,3248.92,3757910000,US,USD
INDEXSP,2020-02-04,3280.61,3306.92,3280.61,3297.59,3297.59,3995320000,US,USD
INDEXSP,2020-02-05,3324.91,3337.58,3313.75,3334.69,3334.69,4117730000,US,USD
INDEXSP,2020-02-06,3344.92,3347.96,3334.39,3345.78,3345.78,3868370000,US,USD
INDEXSP,2020-02-07,3335.54,3341.42,3322.12,3327.71,3327.71,3730650000,US,USD
INDEXSP,2020-02-10,3318.28,3352.26,3317.77,3352.09,3352.09,3450350000,US,USD
INDEXSP,2020-02-11,3365.87,3375.63,3352.72,3357.75,3357.75,3760550000,US,USD
INDEXSP,2020-02-12,3370.5,3381.47,3369.72,3379.45,3379.45,3926380000,US,USD
INDEXSP,2020-02-13,3365.9,3385.09,3360.52,3373.94,3373.94,3498240000,US,USD
INDEXSP,2020-02-14,3378.08,3380.69,3366.15,3380.16,3380.16,3398040000,US,USD
INDEXSP,2020-02-18,3369.04,3375.01,3355.61,3370.29,3370.29,3746720000,US,USD
INDEXSP,2020-02-19,3380.39,3393.52,3378.83,3386.15,3386.15,3600150000,US,USD
INDEXSP,2020-02-20,3380.45,3389.15,3341.02,3373.23,3373.23,4007320000,US,USD
INDEXSP,2020-02-21,3360.5,3360.76,3328.45,3337.75,3337.75,3899270000,US,USD
INDEXSP,2020-02-24,3257.61,3259.81,3214.65,3225.89,3225.89,4842960000,US,USD
INDEXSP,2020-02-25,3238.94,3246.99,3118.77,3128.21,3128.21,5591510000,US,USD
INDEXSP,2020-02-26,3139.9,3182.51,3108.99,3116.39,3116.39,5478110000,US,USD
INDEXSP,2020-02-27,3062.54,3097.07,2977.39,2978.76,2978.76,7058840000,US,USD
INDEXSP,2020-02-28,2916.9,2959.72,2855.84,2954.22,2954.22,8563850000,US,USD
INDEXSP,2020-03-02,2974.28,3090.96,2945.19,3090.23,3090.23,6376400000,US,USD
INDEXSP,2020-03-03,3096.46,3136.72,2976.63,3003.37,3003.37,6355940000,US,USD
INDEXSP,2020-03-04,3045.75,3130.97,3034.38,3130.12,3130.12,5035480000,US,USD
INDEXSP,2020-03-05,3075.7,3083.04,2999.83,3023.94,3023.94,5575550000,US,USD
INDEXSP,2020-03-06,2954.2,2985.93,2901.54,2972.37,2972.37,6552140000,US,USD
INDEXSP,2020-03-09,2863.89,2863.89,2734.43,2746.56,2746.56,8423050000,US,USD
INDEXSP,2020-03-10,2813.48,2882.59,2734,2882.23,2882.23,7635960000,US,USD
INDEXSP,2020-03-11,2825.6,2825.6,2707.22,2741.38,2741.38,7374110000,US,USD
INDEXSP,2020-03-12,2630.86,2660.95,2478.86,2480.64,2480.64,8829380000,US,USD
INDEXSP,2020-03-13,2569.99,2711.33,2492.37,2711.02,2711.02,8258670000,US,USD
INDEXSP,2020-03-16,2508.59,2562.98,2380.94,2386.13,2386.13,7781540000,US,USD
INDEXSP,2020-03-17,2425.66,2553.93,2367.04,2529.19,2529.19,8358500000,US,USD
INDEXSP,2020-03-18,2436.5,2453.57,2280.52,2398.1,2398.1,8755780000,US,USD
INDEXSP,2020-03-19,2393.48,2466.97,2319.78,2409.39,2409.39,7946710000,US,USD
INDEXSP,2020-03-20,2431.94,2453.01,2295.56,2304.92,2304.92,9044690000,US,USD
INDEXSP,2020-03-23,2290.71,2300.73,2191.86,2237.4,2237.4,7402180000,US,USD
INDEXSP,2020-03-24,2344.44,2449.71,2344.44,2447.33,2447.33,7547350000,US,USD
INDEXSP,2020-03-25,2457.77,2571.42,2407.53,2475.56,2475.56,8285670000,US,USD
INDEXSP,2020-03-26,2501.29,2637.01,2500.72,2630.07,2630.07,7753160000,US,USD
INDEXSP,2020-03-27,2555.87,2615.91,2520.02,2541.47,2541.47,6194330000,US,USD
INDEXSP,2020-03-30,2558.98,2631.8,2545.28,2626.65,2626.65,5746220000,US,USD
INDEXSP,2020-03-31,2614.69,2641.39,2571.15,2584.59,2584.59,6568290000,US,USD
INDEXSP,2020-04-01,2498.08,2522.75,2447.49,2470.5,2470.5,5947900000,US,USD
INDEXSP,2020-04-02,2458.54,2533.22,2455.79,2526.9,2526.9,6454990000,US,USD
INDEXSP,2020-04-03,2514.92,2538.18,2459.96,2488.65,2488.65,6087190000,US,USD
INDEXSP,2020-04-06,2578.28,2676.85,2574.57,2663.68,2663.68,6391860000,US,USD
INDEXSP,2020-04-07,2738.65,2756.89,2657.67,2659.41,2659.41,7040720000,US,USD
INDEXSP,2020-04-08,2685,2760.75,2663.3,2749.98,2749.98,5856370000,US,USD
INDEXSP,2020-04-09,2776.99,2818.57,2762.36,2789.82,2789.82,7880140000,US,USD
INDEXSP,2020-04-13,2782.46,2782.46,2721.17,2761.63,2761.63,5274310000,US,USD
INDEXSP,2020-04-14,2805.1,2851.85,2805.1,2846.06,2846.06,5567400000,US,USD
INDEXSP,2020-04-15,2795.64,2801.88,2761.54,2783.36,2783.36,5203390000,US,USD
INDEXSP,2020-04-16,2799.34,2806.51,2764.32,2799.55,2799.55,5179990000,US,USD
INDEXSP,2020-04-17,2842.43,2879.22,2830.88,2874.56,2874.56,5792140000,US,USD
INDEXSP,2020-04-20,2845.62,2868.98,2820.43,2823.16,2823.16,5220160000,US,USD
INDEXSP,2020-04-21,2784.81,2785.54,2727.1,2736.56,2736.56,5075830000,US,USD
INDEXSP,2020-04-22,2787.89,2815.1,2775.95,2799.31,2799.31,5049660000,US,USD
INDEXSP,2020-04-23,2810.42,2844.9,2794.26,2797.8,2797.8,5756520000,US,USD
INDEXSP,2020-04-24,2812.64,2842.71,2791.76,2836.74,2836.74,5374480000,US,USD
INDEXSP,2020-04-27,2854.65,2887.72,2852.89,2878.48,2878.48,5194260000,US,USD
INDEXSP,2020-04-28,2909.96,2921.15,2860.71,2863.39,2863.39,5672880000,US,USD
INDEXSP,2020-04-29,2918.46,2954.86,2912.16,2939.51,2939.51,6620140000,US,USD
INDEXSP,2020-04-30,2930.91,2930.91,2892.47,2912.43,2912.43,6523120000,US,USD
INDEXSP,2020-05-01,2869.09,2869.09,2821.61,2830.71,2830.71,4753160000,US,USD
INDEXSP,2020-05-04,2815.01,2844.24,2797.85,2842.74,2842.74,4723140000,US,USD
INDEXSP,2020-05-05,2868.88,2898.23,2863.55,2868.44,2868.44,5129590000,US,USD
INDEXSP,2020-05-06,2883.14,2891.11,2847.65,2848.42,2848.42,4861920000,US,USD
INDEXSP,2020-05-07,2878.26,2901.92,2876.48,2881.19,2881.19,5164640000,US,USD
INDEXSP,2020-05-08,2908.83,2932.16,2902.88,2929.8,2929.8,4857160000,US,USD
INDEXSP,2020-05-11,2915.46,2944.25,2903.44,2930.19,2930.19,4807320000,US,USD
INDEXSP,2020-05-12,2939.5,2945.82,2869.59,2870.12,2870.12,5107710000,US,USD
INDEXSP,2020-05-13,2865.86,2874.14,2793.15,2820,2820,6143130000,US,USD
INDEXSP,2020-05-14,2794.54,2852.8,2766.64,2852.5,2852.5,5641920000,US,USD
INDEXSP,2020-05-15,2829.95,2865.01,2816.78,2863.7,2863.7,5477040000,US,USD
INDEXSP,2020-05-18,2913.86,2968.09,2913.86,2953.91,2953.91,6364290000,US,USD
INDEXSP,2020-05-19,2948.59,2964.21,2922.35,2922.94,2922.94,4969330000,US,USD
INDEXSP,2020-05-20,2953.63,2980.29,2953.63,2971.61,2971.61,4992970000,US,USD
INDEXSP,2020-05-21,2969.95,2978.5,2938.57,2948.51,2948.51,4966940000,US,USD
INDEXSP,2020-05-22,2948.05,2956.76,2933.59,2955.45,2955.45,3952800000,US,USD
INDEXSP,2020-05-26,3004.08,3021.72,2988.17,2991.77,2991.77,5837060000,US,USD
INDEXSP,2020-05-27,3015.65,3036.25,2969.75,3036.13,3036.13,6371230000,US,USD
INDEXSP,2020-05-28,3046.61,3068.67,3023.4,3029.73,3029.73,5402670000,US,USD
INDEXSP,2020-05-29,3025.17,3049.17,2998.61,3044.31,3044.31,7275080000,US,USD
INDEXSP,2020-06-01,3038.78,3062.18,3031.54,3055.73,3055.73,4673410000,US,USD
INDEXSP,2020-06-02,3064.78,3081.07,3051.64,3080.82,3080.82,5187230000,US,USD
INDEXSP,2020-06-03,3098.9,3130.94,3098.9,3122.87,3122.87,5989560000,US,USD
INDEXSP,2020-06-04,3111.56,3128.91,3090.41,3112.35,3112.35,6428130000,US,USD
INDEXSP,2020-06-05,3163.84,3211.72,3163.84,3193.93,3193.93,8617590000,US,USD
INDEXSP,2020-06-08,3199.92,3233.13,3196,3232.39,3232.39,8437380000,US,USD
INDEXSP,2020-06-09,3213.32,3222.71,3193.11,3207.18,3207.18,6382620000,US,USD
INDEXSP,2020-06-10,3213.42,3223.27,3181.49,3190.14,3190.14,6570840000,US,USD
INDEXSP,2020-06-11,3123.53,3123.53,2999.49,3002.1,3002.1,7018890000,US,USD
INDEXSP,2020-06-12,3071.04,3088.42,2984.47,3041.31,3041.31,5832250000,US,USD
INDEXSP,2020-06-15,2993.76,3079.76,2965.66,3066.59,3066.59,5740660000,US,USD
INDEXSP,2020-06-16,3131,3153.45,3076.06,3124.74,3124.74,5829240000,US,USD
INDEXSP,2020-06-17,3136.13,3141.16,3108.03,3113.49,3113.49,4549390000,US,USD
INDEXSP,2020-06-18,3101.64,3120,3093.51,3115.34,3115.34,4429030000,US,USD
INDEXSP,2020-06-19,3140.29,3155.53,3083.11,3097.74,3097.74,8327780000,US,USD
INDEXSP,2020-06-22,3094.42,3120.92,3079.39,3117.86,3117.86,4665380000,US,USD
INDEXSP,2020-06-23,3138.7,3154.9,3127.12,3131.29,3131.29,4704830000,US,USD
INDEXSP,2020-06-24,3114.4,3115.01,3032.13,3050.33,3050.33,5587200000,US,USD
INDEXSP,2020-06-25,3046.6,3086.25,3024.01,3083.76,3083.76,4815420000,US,USD
INDEXSP,2020-06-26,3073.2,3073.73,3004.63,3009.05,3009.05,8098120000,US,USD
INDEXSP,2020-06-29,3018.59,3053.89,2999.74,3053.24,3053.24,4462770000,US,USD
INDEXSP,2020-06-30,3050.2,3111.51,3047.83,3100.29,3100.29,4696280000,US,USD
INDEXSP,2020-07-01,3105.92,3128.44,3101.17,3115.86,3115.86,4443130000,US,USD
INDEXSP,2020-07-02,3143.64,3165.81,3124.52,3130.01,3130.01,4190830000,US,USD
INDEXSP,2020-07-06,3155.29,3182.59,3155.29,3179.72,3179.72,4736450000,US,USD
INDEXSP,2020-07-07,3166.44,3184.15,3142.93,3145.32,3145.32,4563700000,US,USD
INDEXSP,2020-07-08,3153.07,3171.8,3136.53,3169.94,3169.94,4927700000,US,USD
INDEXSP,2020-07-09,3176.17,3179.78,3115.7,3152.05,3152.05,4829020000,US,USD
INDEXSP,2020-07-10,3152.47,3186.82,3136.22,3185.04,3185.04,4515340000,US,USD
INDEXSP,2020-07-13,3205.08,3235.32,3149.43,3155.22,3155.22,4890780000,US,USD
INDEXSP,2020-07-14,3141.11,3200.95,3127.66,3197.52,3197.52,4476170000,US,USD
INDEXSP,2020-07-15,3225.98,3238.28,3200.76,3226.56,3226.56,4669760000,US,USD
INDEXSP,2020-07-16,3208.36,3220.39,3198.59,3215.57,3215.57,3961230000,US,USD
INDEXSP,2020-07-17,3224.21,3233.52,3205.65,3224.73,3224.73,3993830000,US,USD
INDEXSP,2020-07-20,3224.29,3258.61,3215.16,3251.84,3251.84,3971200000,US,USD
INDEXSP,2020-07-21,3268.52,3277.29,3247.77,3257.3,3257.3,4547960000,US,USD
INDEXSP,2020-07-22,3254.86,3279.32,3253.1,3276.02,3276.02,4255190000,US,USD
INDEXSP,2020-07-23,3271.64,3279.99,3222.66,3235.66,3235.66,4290460000,US,USD
INDEXSP,2020-07-24,3218.58,3227.26,3200.05,3215.63,3215.63,3894900000,US,USD
INDEXSP,2020-07-27,3219.84,3241.43,3214.25,3239.41,3239.41,3963910000,US,USD
INDEXSP,2020-07-28,3234.27,3243.72,3216.17,3218.44,3218.44,4027890000,US,USD
INDEXSP,2020-07-29,3227.22,3264.74,3227.22,3258.44,3258.44,4676300000,US,USD
INDEXSP,2020-07-30,3231.76,3250.92,3204.13,3246.22,3246.22,4254010000,US,USD
INDEXSP,2020-07-31,3270.45,3272.17,3220.26,3271.12,3271.12,5117260000,US,USD
INDEXSP,2020-08-03,3288.26,3302.73,3284.53,3294.61,3294.61,4643640000,US,USD
INDEXSP,2020-08-04,3289.92,3306.84,3286.37,3306.51,3306.51,4621670000,US,USD
INDEXSP,2020-08-05,3317.37,3330.77,3317.37,3327.77,3327.77,4732220000,US,USD
INDEXSP,2020-08-06,3323.17,3351.03,3318.14,3349.16,3349.16,4267490000,US,USD
INDEXSP,2020-08-07,3340.05,3352.54,3328.72,3351.28,3351.28,4104860000,US,USD
INDEXSP,2020-08-10,3356.04,3363.29,3335.44,3360.47,3360.47,4318570000,US,USD
INDEXSP,2020-08-11,3370.34,3381.01,3326.44,3333.69,3333.69,5087650000,US,USD
INDEXSP,2020-08-12,3355.46,3387.89,3355.46,3380.35,3380.35,3768560000,US,USD
INDEXSP,2020-08-13,3372.95,3387.24,3363.35,3373.43,3373.43,3648810000,US,USD
INDEXSP,2020-08-14,3368.66,3378.51,3361.64,3372.85,3372.85,3193400000,US,USD
INDEXSP,2020-08-17,3380.86,3387.59,3379.22,3381.99,3381.99,3671290000,US,USD
INDEXSP,2020-08-18,3387.04,3395.06,3370.15,3389.78,3389.78,3881310000,US,USD
INDEXSP,2020-08-19,3392.51,3399.54,3369.66,3374.85,3374.85,3884480000,US,USD
INDEXSP,2020-08-20,3360.48,3390.8,3354.69,3385.51,3385.51,3642850000,US,USD
INDEXSP,2020-08-21,3386.01,3399.96,3379.31,3397.16,3397.16,3705420000,US,USD
INDEXSP,2020-08-24,3418.09,3432.09,3413.13,3431.28,3431.28,3728690000,US,USD
INDEXSP,2020-08-25,3435.95,3444.21,3425.84,3443.62,3443.62,3619300000,US,USD
INDEXSP,2020-08-26,3449.97,3481.07,3444.15,3478.73,3478.73,3754360000,US,USD
INDEXSP,2020-08-27,3485.14,3501.38,3468.35,3484.55,3484.55,3929560000,US,USD
INDEXSP,2020-08-28,3494.69,3509.23,3484.32,3508.01,3508.01,3855880000,US,USD
INDEXSP,2020-08-31,3509.73,3514.77,3493.25,3500.31,3500.31,4342290000,US,USD
INDEXSP,2020-09-01,3507.44,3528.03,3494.6,3526.65,3526.65,4083110000,US,USD
INDEXSP,2020-09-02,3543.76,3588.11,3535.23,3580.84,3580.84,4285190000,US,USD
INDEXSP,2020-09-03,3564.74,3564.85,3427.41,3455.06,3455.06,4898680000,US,USD
INDEXSP,2020-09-04,3453.6,3479.15,3349.63,3426.96,3426.96,4431440000,US,USD
INDEXSP,2020-09-08,3371.88,3379.97,3329.27,3331.84,3331.84,4665600000,US,USD
INDEXSP,2020-09-09,3369.82,3424.77,3366.84,3398.96,3398.96,3920830000,US,USD
INDEXSP,2020-09-10,3412.56,3425.55,3329.25,3339.19,3339.19,4192250000,US,USD
INDEXSP,2020-09-11,3352.7,3368.95,3310.47,3340.97,3340.97,3704450000,US,USD
INDEXSP,2020-09-14,3363.56,3402.93,3363.56,3383.54,3383.54,3832130000,US,USD
INDEXSP,2020-09-15,3407.73,3419.48,3389.25,3401.2,3401.2,4051460000,US,USD
INDEXSP,2020-09-16,3411.23,3428.92,3384.45,3385.49,3385.49,4710030000,US,USD
INDEXSP,2020-09-17,3346.86,3375.17,3328.82,3357.01,3357.01,4371940000,US,USD
INDEXSP,2020-09-18,3357.38,3362.27,3292.4,3319.47,3319.47,7068700000,US,USD
INDEXSP,2020-09-21,3285.57,3285.57,3229.1,3281.06,3281.06,4828350000,US,USD
INDEXSP,2020-09-22,3295.75,3320.31,3270.95,3315.57,3315.57,3963300000,US,USD
INDEXSP,2020-09-23,3320.11,3323.35,3232.57,3236.92,3236.92,4364500000,US,USD
INDEXSP,2020-09-24,3226.14,3278.7,3209.45,3246.59,3246.59,4599470000,US,USD
INDEXSP,2020-09-25,3236.66,3306.88,3228.44,3298.46,3298.46,3792220000,US,USD
INDEXSP,2020-09-28,3333.9,3360.74,3332.91,3351.6,3351.6,3946060000,US,USD
INDEXSP,2020-09-29,3350.92,3357.92,3327.54,3335.47,3335.47,3651880000,US,USD
INDEXSP,2020-09-30,3341.21,3393.56,3340.47,3363,3363,4722530000,US,USD
INDEXSP,2020-10-01,3385.87,3397.18,3361.39,3380.8,3380.8,4070530000,US,USD
INDEXSP,2020-10-02,3338.94,3369.1,3323.69,3348.42,3348.42,3961550000,US,USD
INDEXSP,2020-10-05,3367.27,3409.57,3367.27,3408.6,3408.6,3686920000,US,USD
INDEXSP,2020-10-06,3408.74,3431.56,3354.54,3360.97,3360.97,4443380000,US,USD
INDEXSP,2020-10-07,3384.56,3426.26,3384.56,3419.44,3419.44,3807830000,US,USD
INDEXSP,2020-10-08,3434.28,3447.28,3428.15,3446.83,3446.83,3856190000,US,USD
INDEXSP,2020-10-09,3459.67,3482.34,3458.07,3477.14,3477.14,3939060000,US,USD
INDEXSP,2020-10-12,3500.02,3549.85,3499.61,3534.22,3534.22,3428970000,US,USD
INDEXSP,2020-10-13,3534.01,3534.01,3500.86,3511.93,3511.93,3605150000,US,USD
INDEXSP,2020-10-14,3515.47,3527.94,3480.55,3488.67,3488.67,3840630000,US,USD
INDEXSP,2020-10-15,3453.72,3489.08,3440.89,3483.34,3483.34,3717640000,US,USD
INDEXSP,2020-10-16,3493.5,3515.76,3480.45,3483.81,3483.81,4675890000,US,USD
INDEXSP,2020-10-19,3493.66,3502.42,3419.93,3426.92,3426.92,4086200000,US,USD
INDEXSP,2020-10-20,3439.38,3476.93,3435.65,3443.12,3443.12,3901260000,US,USD
INDEXSP,2020-10-21,3439.91,3464.86,3433.06,3435.56,3435.56,4097750000,US,USD
INDEXSP,2020-10-22,3438.5,3460.53,3415.34,3453.49,3453.49,4163630000,US,USD
INDEXSP,2020-10-23,3464.9,3466.46,3440.45,3465.39,3465.39,3646570000,US,USD
INDEXSP,2020-10-26,3441.42,3441.42,3364.86,3400.97,3400.97,3988080000,US,USD
INDEXSP,2020-10-27,3403.15,3409.51,3388.71,3390.68,3390.68,3946990000,US,USD
INDEXSP,2020-10-28,3342.48,3342.48,3268.89,3271.03,3271.03,5129860000,US,USD
INDEXSP,2020-10-29,3277.17,3341.05,3259.82,3310.11,3310.11,4903070000,US,USD
INDEXSP,2020-10-30,3293.59,3304.93,3233.94,3269.96,3269.96,4840450000,US,USD
INDEXSP,2020-11-02,3296.2,3330.14,3279.74,3310.24,3310.24,4310590000,US,USD
INDEXSP,2020-11-03,3336.25,3389.49,3336.25,3369.16,3369.16,4220070000,US,USD
INDEXSP,2020-11-04,3406.46,3486.25,3405.17,3443.44,3443.44,4783040000,US,USD
INDEXSP,2020-11-05,3485.74,3529.05,3485.74,3510.45,3510.45,4841190000,US,USD
INDEXSP,2020-11-06,3508.34,3521.58,3484.34,3509.44,3509.44,4833950000,US,USD
INDEXSP,2020-11-09,3583.04,3645.99,3547.48,3550.5,3550.5,8556610000,US,USD
INDEXSP,2020-11-10,3543.26,3557.22,3511.91,3545.53,3545.53,6024230000,US,USD
INDEXSP,2020-11-11,3563.22,3581.16,3557,3572.66,3572.66,4609970000,US,USD
INDEXSP,2020-11-12,3562.67,3569.02,3518.58,3537.01,3537.01,4890120000,US,USD
INDEXSP,2020-11-13,3552.57,3593.66,3552.57,3585.15,3585.15,4709670000,US,USD
INDEXSP,2020-11-16,3600.16,3628.51,3600.16,3626.91,3626.91,5281980000,US,USD
INDEXSP,2020-11-17,3610.31,3623.11,3588.68,3609.53,3609.53,4799570000,US,USD
INDEXSP,2020-11-18,3612.09,3619.09,3567.33,3567.79,3567.79,5274450000,US,USD
INDEXSP,2020-11-19,3559.41,3585.22,3543.84,3581.87,3581.87,4347200000,US,USD
INDEXSP,2020-11-20,3579.31,3581.23,3556.85,3557.54,3557.54,4218970000,US,USD
INDEXSP,2020-11-23,3566.82,3589.81,3552.77,3577.59,3577.59,5036290000,US,USD
INDEXSP,2020-11-24,3594.52,3642.31,3594.52,3635.41,3635.41,6267570000,US,USD
INDEXSP,2020-11-25,3635.5,3635.5,3617.76,3629.65,3629.65,4902560000,US,USD
INDEXSP,2020-11-27,3638.55,3644.31,3629.33,3638.35,3638.35,2778450000,US,USD
INDEXSP,2020-11-30,3634.18,3634.18,3594.39,3621.63,3621.63,6291400000,US,USD
INDEXSP,2020-12-01,3645.87,3678.45,3645.87,3662.45,3662.45,5403660000,US,USD
INDEXSP,2020-12-02,3653.78,3670.96,3644.84,3669.01,3669.01,5029620000,US,USD
INDEXSP,2020-12-03,3668.28,3682.73,3657.17,3666.72,3666.72,5091760000,US,USD
INDEXSP,2020-12-04,3670.94,3699.2,3670.94,3699.12,3699.12,5086370000,US,USD
INDEXSP,2020-12-07,3694.73,3697.41,3678.88,3691.96,3691.96,4788560000,US,USD
INDEXSP,2020-12-08,3683.05,3708.45,3678.83,3702.25,3702.25,4549670000,US,USD
INDEXSP,2020-12-09,3705.98,3712.39,3660.54,3672.82,3672.82,5209940000,US,USD
INDEXSP,2020-12-10,3659.13,3678.49,3645.18,3668.1,3668.1,4618240000,US,USD
INDEXSP,2020-12-11,3656.08,3665.91,3633.4,3663.46,3663.46,4367150000,US,USD
INDEXSP,2020-12-14,3675.27,3697.61,3645.84,3647.49,3647.49,4594920000,US,USD
INDEXSP,2020-12-15,3666.41,3695.29,3659.62,3694.62,3694.62,4360280000,US,USD
INDEXSP,2020-12-16,3696.25,3711.27,3688.57,3701.17,3701.17,4056950000,US,USD
INDEXSP,2020-12-17,3713.65,3725.12,3710.87,3722.48,3722.48,4184930000,US,USD
INDEXSP,2020-12-18,3722.39,3726.7,3685.84,3709.41,3709.41,7068340000,US,USD
INDEXSP,2020-12-21,3684.28,3702.9,3636.48,3694.92,3694.92,4732160000,US,USD
INDEXSP,2020-12-22,3698.08,3698.26,3676.16,3687.26,3687.26,4023940000,US,USD
INDEXSP,2020-12-23,3693.42,3711.24,3689.28,3690.01,3690.01,3772630000,US,USD
INDEXSP,2020-12-24,3694.03,3703.82,3689.32,3703.06,3703.06,1885090000,US,USD
INDEXSP,2020-12-28,3723.03,3740.51,3723.03,3735.36,3735.36,3527460000,US,USD
INDEXSP,2020-12-29,3750.01,3756.12,3723.31,3727.04,3727.04,3387030000,US,USD
INDEXSP,2020-12-30,3736.19,3744.63,3730.21,3732.04,3732.04,3145200000,US,USD
INDEXSP,2020-12-31,3733.27,3760.2,3726.88,3756.07,3756.07,3172510000,US,USD
INDEXSP,2021-01-04,3764.61,3769.99,3662.71,3700.65,3700.65,5006680000,US,USD
INDEXSP,2021-01-05,3698.02,3737.83,3695.07,3726.86,3726.86,4582620000,US,USD
INDEXSP,2021-01-06,3712.2,3783.04,3705.34,3748.14,3748.14,6049970000,US,USD
INDEXSP,2021-01-07,3764.71,3811.55,3764.71,3803.79,3803.79,5080870000,US,USD
INDEXSP,2021-01-08,3815.05,3826.69,3783.6,3824.68,3824.68,4764180000,US,USD
INDEXSP,2021-01-11,3803.14,3817.86,3789.02,3799.61,3799.61,4450500000,US,USD
INDEXSP,2021-01-12,3801.62,3810.78,3776.51,3801.19,3801.19,4977210000,US,USD
INDEXSP,2021-01-13,3802.23,3820.96,3791.5,3809.84,3809.84,4590420000,US,USD
INDEXSP,2021-01-14,3814.98,3823.6,3792.86,3795.54,3795.54,5180140000,US,USD
INDEXSP,2021-01-15,3788.73,3788.73,3749.62,3768.25,3768.25,5353060000,US,USD
INDEXSP,2021-01-19,3781.88,3804.53,3780.37,3798.91,3798.91,4982940000,US,USD
INDEXSP,2021-01-20,3816.22,3859.75,3816.22,3851.85,3851.85,4551790000,US,USD
INDEXSP,2021-01-21,3857.46,3861.45,3845.05,3853.07,3853.07,4484460000,US,USD
INDEXSP,2021-01-22,3844.24,3852.31,3830.41,3841.47,3841.47,5080430000,US,USD
INDEXSP,2021-01-25,3851.68,3859.23,3797.16,3855.36,3855.36,6955860000,US,USD
INDEXSP,2021-01-26,3862.96,3870.9,3847.78,3849.62,3849.62,6029090000,US,USD
INDEXSP,2021-01-27,3836.83,3836.83,3732.48,3750.77,3750.77,9878040000,US,USD
INDEXSP,2021-01-28,3755.75,3830.5,3755.75,3787.38,3787.38,6937960000,US,USD
INDEXSP,2021-01-29,3778.05,3778.05,3694.12,3714.24,3714.24,6612570000,US,USD
INDEXSP,2021-02-01,3731.17,3784.32,3725.62,3773.86,3773.86,5392870000,US,USD
INDEXSP,2021-02-02,3791.84,3843.09,3791.84,3826.31,3826.31,5495370000,US,USD
INDEXSP,2021-02-03,3840.27,3847.51,3816.68,3830.17,3830.17,4846900000,US,USD
INDEXSP,2021-02-04,3836.66,3872.42,3836.66,3871.74,3871.74,4856670000,US,USD
INDEXSP,2021-02-05,3878.3,3894.56,3874.93,3886.83,3886.83,4838580000,US,USD
INDEXSP,2021-02-08,3892.59,3915.77,3892.59,3915.59,3915.59,4635030000,US,USD
INDEXSP,2021-02-09,3910.49,3918.35,3902.64,3911.23,3911.23,4554610000,US,USD
INDEXSP,2021-02-10,3920.78,3931.5,3884.94,3909.88,3909.88,4815380000,US,USD
INDEXSP,2021-02-11,3916.4,3925.99,3890.39,3916.38,3916.38,4570080000,US,USD
INDEXSP,2021-02-12,3911.65,3937.23,3905.78,3934.83,3934.83,4119260000,US,USD
INDEXSP,2021-02-16,3939.61,3950.43,3923.85,3932.59,3932.59,5037360000,US,USD
INDEXSP,2021-02-17,3918.5,3933.61,3900.43,3931.33,3931.33,4718280000,US,USD
INDEXSP,2021-02-18,3915.86,3921.98,3885.03,3913.97,3913.97,4773430000,US,USD
INDEXSP,2021-02-19,3921.16,3930.41,3903.07,3906.71,3906.71,4823940000,US,USD
INDEXSP,2021-02-22,3885.55,3902.92,3874.71,3876.5,3876.5,5870190000,US,USD
INDEXSP,2021-02-23,3857.07,3895.98,3805.59,3881.37,3881.37,6280650000,US,USD
INDEXSP,2021-02-24,3873.71,3928.65,3859.6,3925.43,3925.43,5942350000,US,USD
INDEXSP,2021-02-25,3915.8,3925.02,3814.04,3829.34,3829.34,6513060000,US,USD
INDEXSP,2021-02-26,3839.66,3861.08,3789.54,3811.15,3811.15,6512950000,US,USD
INDEXSP,2021-03-01,3842.51,3914.5,3842.51,3901.82,3901.82,5071540000,US,USD
INDEXSP,2021-03-02,3903.64,3906.41,3868.57,3870.29,3870.29,5493690000,US,USD
INDEXSP,2021-03-03,3863.99,3874.47,3818.86,3819.72,3819.72,6150790000,US,USD
INDEXSP,2021-03-04,3818.53,3843.67,3723.34,3768.47,3768.47,7142240000,US,USD
INDEXSP,2021-03-05,3793.58,3851.69,3730.19,3841.94,3841.94,6842570000,US,USD
INDEXSP,2021-03-08,3844.39,3881.06,3819.25,3821.35,3821.35,5852240000,US,USD
INDEXSP,2021-03-09,3851.93,3903.76,3851.93,3875.44,3875.44,5496340000,US,USD
INDEXSP,2021-03-10,3891.99,3917.35,3885.73,3898.81,3898.81,5827250000,US,USD
INDEXSP,2021-03-11,3915.54,3960.27,3915.54,3939.34,3939.34,5300010000,US,USD
INDEXSP,2021-03-12,3924.52,3944.99,3915.21,3943.34,3943.34,4469240000,US,USD
INDEXSP,2021-03-15,3942.96,3970.08,3923.54,3968.94,3968.94,4882190000,US,USD
INDEXSP,2021-03-16,3973.59,3981.04,3953.44,3962.71,3962.71,4604870000,US,USD
INDEXSP,2021-03-17,3949.57,3983.87,3935.74,3974.12,3974.12,4541620000,US,USD
INDEXSP,2021-03-18,3953.5,3969.62,3910.86,3915.46,3915.46,4043170000,US,USD
INDEXSP,2021-03-19,3913.14,3930.12,3886.75,3913.1,3913.1,7725050000,US,USD
INDEXSP,2021-03-22,3916.48,3955.31,3914.16,3940.59,3940.59,4311380000,US,USD
INDEXSP,2021-03-23,3937.6,3949.13,3901.57,3910.52,3910.52,4645340000,US,USD
INDEXSP,2021-03-24,3919.93,3942.08,3889.07,3889.14,3889.14,4766990000,US,USD
INDEXSP,2021-03-25,3879.34,3919.54,3853.5,3909.52,3909.52,4940800000,US,USD
INDEXSP,2021-03-26,3917.12,3978.19,3917.12,3974.54,3974.54,5467850000,US,USD
INDEXSP,2021-03-29,3969.31,3981.83,3943.25,3971.09,3971.09,4619840000,US,USD
INDEXSP,2021-03-30,3963.34,3968.01,3944.35,3958.55,3958.55,4103570000,US,USD
INDEXSP,2021-03-31,3967.25,3994.41,3966.98,3972.89,3972.89,4564980000,US,USD
INDEXSP,2021-04-01,3992.78,4020.63,3992.78,4019.87,4019.87,4151240000,US,USD
INDEXSP,2021-04-05,4034.44,4083.42,4034.44,4077.91,4077.91,3999760000,US,USD
INDEXSP,2021-04-06,4075.57,4086.23,4068.14,4073.94,4073.94,4027880000,US,USD
INDEXSP,2021-04-07,4074.29,4083.13,4068.31,4079.95,4079.95,4112640000,US,USD
INDEXSP,2021-04-08,4089.95,4098.19,4082.54,4097.17,4097.17,3901910000,US,USD
INDEXSP,2021-04-09,4096.11,4129.48,4095.51,4128.8,4128.8,3634910000,US,USD
INDEXSP,2021-04-12,4124.71,4131.76,4114.82,4127.99,4127.99,3578500000,US,USD
INDEXSP,2021-04-13,4130.1,4148,4124.43,4141.59,4141.59,3728440000,US,USD
INDEXSP,2021-04-14,4141.58,4151.69,4120.87,4124.66,4124.66,3976540000,US,USD
INDEXSP,2021-04-15,4139.76,4173.49,4139.76,4170.42,4170.42,4027680000,US,USD
INDEXSP,2021-04-16,4174.14,4191.31,4170.75,4185.47,4185.47,4157430000,US,USD
INDEXSP,2021-04-19,4179.8,4180.81,4150.47,4163.26,4163.26,3788020000,US,USD
INDEXSP,2021-04-20,4159.18,4159.18,4118.38,4134.94,4134.94,4338230000,US,USD
INDEXSP,2021-04-21,4128.42,4175.02,4126.35,4173.42,4173.42,3865820000,US,USD
INDEXSP,2021-04-22,4170.46,4179.57,4123.69,4134.98,4134.98,4235040000,US,USD
INDEXSP,2021-04-23,4138.78,4194.17,4138.78,4180.17,4180.17,3568080000,US,USD
INDEXSP,2021-04-26,4185.03,4194.19,4182.36,4187.62,4187.62,3738920000,US,USD
INDEXSP,2021-04-27,4188.25,4193.35,4176.22,4186.72,4186.72,3703240000,US,USD
INDEXSP,2021-04-28,4185.14,4201.53,4181.78,4183.18,4183.18,3772390000,US,USD
INDEXSP,2021-04-29,4206.14,4218.78,4176.81,4211.47,4211.47,4288940000,US,USD
INDEXSP,2021-04-30,4198.1,4198.1,4174.85,4181.17,4181.17,4273680000,US,USD
INDEXSP,2021-05-03,4191.98,4209.39,4188.03,4192.66,4192.66,4061170000,US,USD
INDEXSP,2021-05-04,4179.04,4179.04,4128.59,4164.66,4164.66,4441080000,US,USD
INDEXSP,2021-05-05,4177.06,4187.72,4160.94,4167.59,4167.59,4029050000,US,USD
INDEXSP,2021-05-06,4169.14,4202.7,4147.33,4201.62,4201.62,4504860000,US,USD
INDEXSP,2021-05-07,4210.34,4238.04,4201.64,4232.6,4232.6,4013060000,US,USD
INDEXSP,2021-05-10,4228.29,4236.39,4188.13,4188.43,4188.43,3678970000,US,USD
INDEXSP,2021-05-11,4150.34,4162.04,4111.53,4152.1,4152.1,3593110000,US,USD
INDEXSP,2021-05-12,4130.55,4134.73,4056.88,4063.04,4063.04,3735080000,US,USD
INDEXSP,2021-05-13,4074.99,4131.58,4074.99,4112.5,4112.5,3687780000,US,USD
INDEXSP,2021-05-14,4129.58,4183.13,4129.58,4173.85,4173.85,3251920000,US,USD
INDEXSP,2021-05-17,4169.92,4171.92,4142.69,4163.29,4163.29,3307130000,US,USD
INDEXSP,2021-05-18,4165.94,4169.15,4125.99,4127.83,4127.83,3559790000,US,USD
INDEXSP,2021-05-19,4098.45,4116.93,4061.41,4115.68,4115.68,3485550000,US,USD
INDEXSP,2021-05-20,4121.97,4172.8,4121.97,4159.12,4159.12,3019060000,US,USD
INDEXSP,2021-05-21,4168.61,4188.72,4151.72,4155.86,4155.86,3344620000,US,USD
INDEXSP,2021-05-24,4170.16,4209.52,4170.16,4197.05,4197.05,2947400000,US,USD
INDEXSP,2021-05-25,4205.94,4213.42,4182.52,4188.13,4188.13,3420870000,US,USD
INDEXSP,2021-05-26,4191.59,4202.61,4184.11,4195.99,4195.99,3674490000,US,USD
INDEXSP,2021-05-27,4201.94,4213.38,4197.78,4200.88,4200.88,5201110000,US,USD
INDEXSP,2021-05-28,4210.77,4218.36,4203.57,4204.11,4204.11,4199270000,US,USD
INDEXSP,2021-06-01,4216.52,4234.12,4197.59,4202.04,4202.04,4122960000,US,USD
INDEXSP,2021-06-02,4206.82,4217.37,4198.27,4208.12,4208.12,4860930000,US,USD
INDEXSP,2021-06-03,4191.43,4204.39,4167.93,4192.85,4192.85,4579450000,US,USD
INDEXSP,2021-06-04,4206.05,4233.45,4206.05,4229.89,4229.89,3487070000,US,USD
INDEXSP,2021-06-07,4229.34,4232.34,4215.66,4226.52,4226.52,3835570000,US,USD
INDEXSP,2021-06-08,4233.81,4236.74,4208.41,4227.26,4227.26,3943870000,US,USD
INDEXSP,2021-06-09,4232.99,4237.09,4218.74,4219.55,4219.55,3902870000,US,USD
INDEXSP,2021-06-10,4228.56,4249.74,4220.34,4239.18,4239.18,3502480000,US,USD
INDEXSP,2021-06-11,4242.9,4248.38,4232.25,4247.44,4247.44,3204280000,US,USD
INDEXSP,2021-06-14,4248.31,4255.59,4234.07,4255.15,4255.15,3612050000,US,USD
INDEXSP,2021-06-15,4255.28,4257.16,4238.35,4246.59,4246.59,3578450000,US,USD
INDEXSP,2021-06-16,4248.87,4251.89,4202.45,4223.7,4223.7,3722050000,US,USD
INDEXSP,2021-06-17,4220.37,4232.29,4196.05,4221.86,4221.86,3952110000,US,USD
INDEXSP,2021-06-18,4204.78,4204.78,4164.4,4166.45,4166.45,6084980000,US,USD
INDEXSP,2021-06-21,4173.4,4226.24,4173.4,4224.79,4224.79,3391740000,US,USD
INDEXSP,2021-06-22,4224.61,4255.84,4217.27,4246.44,4246.44,3208760000,US,USD
INDEXSP,2021-06-23,4249.27,4256.6,4241.43,4241.84,4241.84,3172440000,US,USD
INDEXSP,2021-06-24,4256.97,4271.28,4256.97,4266.49,4266.49,3141680000,US,USD
INDEXSP,2021-06-25,4274.45,4286.12,4271.16,4280.7,4280.7,6248390000,US,USD
INDEXSP,2021-06-28,4284.9,4292.14,4274.67,4290.61,4290.61,3415610000,US,USD
INDEXSP,2021-06-29,4293.21,4300.52,4287.04,4291.8,4291.8,3049560000,US,USD
INDEXSP,2021-06-30,4290.65,4302.43,4287.96,4297.5,4297.5,3687880000,US,USD
INDEXSP,2021-07-01,4300.73,4320.66,4300.73,4319.94,4319.94,3077580000,US,USD
INDEXSP,2021-07-02,4326.6,4355.43,4326.6,4352.34,4352.34,2628550000,US,USD
INDEXSP,2021-07-06,4356.46,4356.46,4314.37,4343.54,4343.54,3437900000,US,USD
INDEXSP,2021-07-07,4351.01,4361.88,4329.79,4358.13,4358.13,3243900000,US,USD
INDEXSP,2021-07-08,4321.07,4330.88,4289.37,4320.82,4320.82,3393780000,US,USD
INDEXSP,2021-07-09,4329.38,4371.6,4329.38,4369.55,4369.55,2738280000,US,USD
INDEXSP,2021-07-12,4372.41,4386.68,4364.03,4384.63,4384.63,2983980000,US,USD
INDEXSP,2021-07-13,4381.07,4392.37,4366.92,4369.21,4369.21,3166900000,US,USD
INDEXSP,2021-07-14,4380.11,4393.68,4362.36,4374.3,4374.3,3213870000,US,USD
INDEXSP,2021-07-15,4369.02,4369.02,4340.7,4360.03,4360.03,3226930000,US,USD
INDEXSP,2021-07-16,4367.43,4375.09,4322.53,4327.16,4327.16,3165160000,US,USD
INDEXSP,2021-07-19,4296.4,4296.4,4233.13,4258.49,4258.49,4155790000,US,USD
INDEXSP,2021-07-20,4265.11,4336.84,4262.05,4323.06,4323.06,3634190000,US,USD
INDEXSP,2021-07-21,4331.13,4359.7,4331.13,4358.69,4358.69,3078550000,US,USD
INDEXSP,2021-07-22,4361.27,4369.87,4350.06,4367.48,4367.48,2907910000,US,USD
INDEXSP,2021-07-23,4381.2,4415.18,4381.2,4411.79,4411.79,3490730000,US,USD
INDEXSP,2021-07-26,4409.58,4422.73,4405.45,4422.3,4422.3,2679110000,US,USD
INDEXSP,2021-07-27,4416.38,4416.38,4372.51,4401.46,4401.46,3381080000,US,USD
INDEXSP,2021-07-28,4402.95,4415.47,4387.01,4400.64,4400.64,3215130000,US,USD
INDEXSP,2021-07-29,4403.59,4429.97,4403.59,4419.15,4419.15,2815510000,US,USD
INDEXSP,2021-07-30,4395.12,4412.25,4389.65,4395.26,4395.26,2861600000,US,USD
INDEXSP,2021-08-02,4406.86,4422.18,4384.81,4387.16,4387.16,2919940000,US,USD
INDEXSP,2021-08-03,4392.74,4423.79,4373,4423.15,4423.15,3305340000,US,USD
INDEXSP,2021-08-04,4415.95,4416.17,4400.23,4402.66,4402.66,3382620000,US,USD
INDEXSP,2021-08-05,4408.86,4429.76,4408.86,4429.1,4429.1,2734220000,US,USD
INDEXSP,2021-08-06,4429.07,4440.82,4429.07,4436.52,4436.52,2839970000,US,USD
INDEXSP,2021-08-09,4437.77,4439.39,4424.74,4432.35,4432.35,2779880000,US,USD
INDEXSP,2021-08-10,4435.79,4445.21,4430.03,4436.75,4436.75,3219840000,US,USD
INDEXSP,2021-08-11,4442.18,4449.44,4436.42,4442.41,4442.41,2803060000,US,USD
INDEXSP,2021-08-12,4446.08,4461.77,4435.96,4460.83,4460.83,2543860000,US,USD
INDEXSP,2021-08-13,4464.84,4468.37,4460.82,4468,4468,2371630000,US,USD
INDEXSP,2021-08-16,4461.65,4480.26,4437.66,4479.71,4479.71,2707170000,US,USD
INDEXSP,2021-08-17,4462.12,4462.12,4417.83,4448.08,4448.08,2884000000,US,USD
INDEXSP,2021-08-18,4440.94,4454.32,4397.59,4400.27,4400.27,2965210000,US,USD
INDEXSP,2021-08-19,4382.44,4418.61,4367.73,4405.8,4405.8,3120840000,US,USD
INDEXSP,2021-08-20,4410.56,4444.35,4406.8,4441.67,4441.67,2867770000,US,USD
