Ticker,Date,Open Price,High Price,Low Price,Close Price,Adj_close,Volume,Index,Currency
INDESXFTSE,2019-01-02,3722.15,3736.49,3653.8,3727.86,3727.86,788739008,UK,GBP
INDESXFTSE,2019-01-03,3727.86,3736.23,3701.9,3703.52,3703.52,812829120,UK,GBP
INDESXFTSE,2019-01-04,3703.52,3788.9,3703.52,3782.94,3782.94,890333888,UK,GBP
INDESXFTSE,2019-01-07,3782.94,3803.12,3759.49,3776.69,3776.69,890885760,UK,GBP
INDESXFTSE,2019-01-08,3776.69,3828.65,3774.45,3807.03,3807.03,892063616,UK,GBP
INDESXFTSE,2019-01-09,3807.03,3851.14,3807.03,3836.03,3836.03,1099102208,UK,GBP
INDESXFTSE,2019-01-10,3836.03,3856.49,3812.8,3853.64,3853.64,875450432,UK,GBP
INDESXFTSE,2019-01-11,3853.64,3883.77,3837.9,3845.76,3845.76,864641856,UK,GBP
INDESXFTSE,2019-01-14,3845.76,3845.81,3803.99,3812.16,3812.16,864584384,UK,GBP
INDESXFTSE,2019-01-15,3812.16,3839.41,3809.02,3831.18,3831.18,922353152,UK,GBP
INDESXFTSE,2019-01-16,3831.18,3840.35,3809.48,3818.06,3818.06,1038289152,UK,GBP
INDESXFTSE,2019-01-17,3818.06,3818.06,3786.06,3806.86,3806.86,767081728,UK,GBP
INDESXFTSE,2019-01-18,3806.86,3884.25,3806.86,3876.61,3876.61,1087492096,UK,GBP
INDESXFTSE,2019-01-21,3876.61,3886.3,3868.81,3877.61,3877.61,645924864,UK,GBP
INDESXFTSE,2019-01-22,3877.61,3877.61,3831.46,3842.66,3842.66,803228160,UK,GBP
INDESXFTSE,2019-01-23,3842.66,3842.73,3807.94,3812.11,3812.11,868949824,UK,GBP
INDESXFTSE,2019-01-24,3812.11,3819.8,3793.4,3802.49,3802.49,868544704,UK,GBP
INDESXFTSE,2019-01-25,3802.49,3822.77,3797.32,3798.51,3798.51,961922176,UK,GBP
INDESXFTSE,2019-01-28,3798.51,3799.87,3759.9,3765.93,3765.93,855545856,UK,GBP
INDESXFTSE,2019-01-29,3765.93,3825.58,3765.71,3812,3812,924801152,UK,GBP
INDESXFTSE,2019-01-30,3812,3878.17,3811.98,3866.33,3866.33,988336320,UK,GBP
INDESXFTSE,2019-01-31,3866.33,3895.08,3863.09,3875.06,3875.06,1142341376,UK,GBP
INDESXFTSE,2019-02-01,3875.06,3904.4,3875.05,3902.33,3902.33,854344320,UK,GBP
INDESXFTSE,2019-02-04,3902.33,3915.38,3894.55,3910.07,3910.07,812311552,UK,GBP
INDESXFTSE,2019-02-05,3910.07,3982.21,3910.02,3981.69,3981.69,894542656,UK,GBP
INDESXFTSE,2019-02-06,3981.69,3987.89,3966.93,3982.32,3982.32,813980928,UK,GBP
INDESXFTSE,2019-02-07,3982.32,3985.78,3936.05,3936.05,3936.05,873763840,UK,GBP
INDESXFTSE,2019-02-08,3936.05,3946.39,3918.14,3920.68,3920.68,747662400,UK,GBP
INDESXFTSE,2019-02-11,3920.68,3960.92,3920.67,3953.68,3953.68,761396288,UK,GBP
INDESXFTSE,2019-02-12,3953.68,3973.83,3949.37,3955.32,3955.32,778459840,UK,GBP
INDESXFTSE,2019-02-13,3955.32,3993.69,3955.32,3987.17,3987.17,781959680,UK,GBP
INDESXFTSE,2019-02-14,3987.17,4005.12,3979.62,3987.52,3987.52,776206976,UK,GBP
INDESXFTSE,2019-02-15,3987.52,4021.87,3981.08,4008.98,4008.98,965565248,UK,GBP
INDESXFTSE,2019-02-18,4008.98,4016.78,3997.94,4005.71,4005.71,626628608,UK,GBP
INDESXFTSE,2019-02-19,4005.71,4005.71,3976.18,3984.99,3984.99,850569472,UK,GBP
INDESXFTSE,2019-02-20,3984.99,4013.13,3984.25,4012.5,4012.5,1155634688,UK,GBP
INDESXFTSE,2019-02-21,4012.5,4012.66,3972.38,3985.19,3985.19,1060699584,UK,GBP
INDESXFTSE,2019-02-22,3985.19,4012.67,3983.11,3991.51,3991.51,859526016,UK,GBP
INDESXFTSE,2019-02-25,3991.51,4006.33,3978.29,3993.14,3993.14,925238912,UK,GBP
INDESXFTSE,2019-02-26,3993.14,3993.14,3951.64,3978.76,3978.76,1062844736,UK,GBP
INDESXFTSE,2019-02-27,3978.76,3978.8,3941.82,3954.37,3954.37,1115691776,UK,GBP
INDESXFTSE,2019-02-28,3954.37,3954.41,3919.97,3940.2,3940.2,1246726144,UK,GBP
INDESXFTSE,2019-03-01,3940.2,3972.01,3940.2,3962.47,3962.47,987011904,UK,GBP
INDESXFTSE,2019-03-04,3962.47,3991.24,3962.47,3975.74,3975.74,840569472,UK,GBP
INDESXFTSE,2019-03-05,3975.74,4003.47,3971.74,3999.63,3999.63,888936000,UK,GBP
INDESXFTSE,2019-03-06,3999.63,4011.65,3992.39,4002.64,4002.64,870578560,UK,GBP
INDESXFTSE,2019-03-07,4002.64,4002.73,3963.11,3978.81,3978.81,942818624,UK,GBP
INDESXFTSE,2019-03-08,3978.81,3978.81,3935.12,3949.44,3949.44,861593920,UK,GBP
INDESXFTSE,2019-03-11,3949.44,3988.39,3949.37,3963.22,3963.22,909451392,UK,GBP
INDESXFTSE,2019-03-12,3963.22,3983.26,3942.34,3974.49,3974.49,1007064896,UK,GBP
INDESXFTSE,2019-03-13,3974.49,3989.31,3962.51,3979.45,3979.45,1005949312,UK,GBP
INDESXFTSE,2019-03-14,3979.45,4010.8,3973.84,3995.14,3995.14,1144831360,UK,GBP
INDESXFTSE,2019-03-15,3995.14,4027.3,3995.12,4022.12,4022.12,1951798400,UK,GBP
INDESXFTSE,2019-03-18,4022.12,4054.94,4022.09,4054.94,4054.94,902100928,UK,GBP
INDESXFTSE,2019-03-19,4054.94,4080.81,4051.94,4068.67,4068.67,842841216,UK,GBP
INDESXFTSE,2019-03-20,4068.67,4076.32,4047.82,4047.82,4047.82,1034801408,UK,GBP
INDESXFTSE,2019-03-21,4047.82,4083.29,4047.69,4076.32,4076.32,978604736,UK,GBP
INDESXFTSE,2019-03-22,4076.32,4077.33,3988.5,3995.79,3995.79,936946752,UK,GBP
INDESXFTSE,2019-03-25,3995.79,3995.79,3961.52,3975.09,3975.09,807514496,UK,GBP
INDESXFTSE,2019-03-26,3975.09,4000.45,3970.83,3987.07,3987.07,898685632,UK,GBP
INDESXFTSE,2019-03-27,3987.07,4001.76,3969.06,3986.01,3986.01,929705280,UK,GBP
INDESXFTSE,2019-03-28,3986.01,4021.85,3984.04,4005.17,4005.17,820010048,UK,GBP
INDESXFTSE,2019-03-29,4005.17,4036.99,4000.78,4033.12,4033.12,1104596480,UK,GBP
INDESXFTSE,2019-04-01,4033.12,4071.14,4033.11,4054.99,4054.99,946733504,UK,GBP
INDESXFTSE,2019-04-02,4054.99,4098.02,4054.99,4092.35,4092.35,1009749504,UK,GBP
INDESXFTSE,2019-04-03,4092.35,4112.91,4090.81,4112.91,4112.91,1191839488,UK,GBP
INDESXFTSE,2019-04-04,4112.91,4112.91,4086.23,4103.41,4103.41,928042048,UK,GBP
INDESXFTSE,2019-04-05,4103.41,4132.55,4102.21,4125.36,4125.36,983683712,UK,GBP
INDESXFTSE,2019-04-08,4125.36,4131.33,4111.29,4126.98,4126.98,814293376,UK,GBP
INDESXFTSE,2019-04-09,4126.98,4138.85,4106,4111.91,4111.91,959546176,UK,GBP
INDESXFTSE,2019-04-10,4111.91,4119.96,4106.27,4111.94,4111.94,985630848,UK,GBP
INDESXFTSE,2019-04-11,4111.94,4125.23,4094.72,4114.71,4114.71,956187712,UK,GBP
INDESXFTSE,2019-04-12,4114.71,4133.91,4110.77,4126.66,4126.66,1035343680,UK,GBP
INDESXFTSE,2019-04-15,4126.66,4133.96,4120.12,4129.8,4129.8,794996096,UK,GBP
INDESXFTSE,2019-04-16,4129.8,4155.87,4129.77,4149.1,4149.1,857934080,UK,GBP
INDESXFTSE,2019-04-17,4149.1,4152.15,4137.12,4147.55,4147.55,951513792,UK,GBP
INDESXFTSE,2019-04-18,4147.55,4148.2,4128.94,4141.48,4141.48,817751104,UK,GBP
INDESXFTSE,2019-04-23,4141.48,4175.71,4141.48,4173.32,4173.32,1003339904,UK,GBP
INDESXFTSE,2019-04-24,4173.32,4173.66,4143.05,4152.33,4152.33,946475328,UK,GBP
INDESXFTSE,2019-04-25,4152.33,4153.48,4117.49,4130.68,4130.68,933033920,UK,GBP
INDESXFTSE,2019-04-26,4130.68,4136.4,4112.57,4127.44,4127.44,1109317376,UK,GBP
INDESXFTSE,2019-04-29,4127.44,4142.3,4118.2,4135.08,4135.08,712955008,UK,GBP
INDESXFTSE,2019-04-30,4135.08,4139.62,4110.52,4121.72,4121.72,1309969024,UK,GBP
INDESXFTSE,2019-05-01,4121.72,4136.11,4103.09,4106.01,4106.01,642144768,UK,GBP
INDESXFTSE,2019-05-02,4106.01,4106.89,4080.15,4085.91,4085.91,963325696,UK,GBP
INDESXFTSE,2019-05-03,4085.91,4117.94,4085.47,4100.19,4100.19,778588032,UK,GBP
INDESXFTSE,2019-05-07,4100.19,4100.24,4031.53,4036.18,4036.18,1163979136,UK,GBP
INDESXFTSE,2019-05-08,4036.18,4047.29,4017.48,4043.32,4043.32,1119562496,UK,GBP
INDESXFTSE,2019-05-09,4043.32,4043.32,3997.67,4005.41,4005.41,1202868736,UK,GBP
INDESXFTSE,2019-05-10,4005.41,4038.9,3999.78,4006.23,4006.23,910217536,UK,GBP
INDESXFTSE,2019-05-13,4006.23,4011.68,3974.01,3979.69,3979.69,1034032448,UK,GBP
INDESXFTSE,2019-05-14,3979.69,4024.08,3979.68,4024.08,4024.08,1003903616,UK,GBP
INDESXFTSE,2019-05-15,4024.08,4056.53,4015.44,4049.91,4049.91,1122410240,UK,GBP
INDESXFTSE,2019-05-16,4049.91,4081.66,4035.95,4081.66,4081.66,955564736,UK,GBP
INDESXFTSE,2019-05-17,4081.66,4081.73,4056.98,4078.31,4078.31,959739072,UK,GBP
INDESXFTSE,2019-05-20,4078.31,4083.33,4035.17,4055.24,4055.24,969687168,UK,GBP
INDESXFTSE,2019-05-21,4055.24,4087.41,4055.24,4067.03,4067.03,1228934400,UK,GBP
INDESXFTSE,2019-05-22,4067.03,4089.68,4058.27,4065.12,4065.12,1206321280,UK,GBP
INDESXFTSE,2019-05-23,4065.12,4065.12,3997.9,4007.79,4007.79,1212496640,UK,GBP
INDESXFTSE,2019-05-24,4007.79,4046,4007.76,4032.77,4032.77,933690624,UK,GBP
INDESXFTSE,2019-05-28,4032.77,4053.05,4025.75,4031.31,4031.31,1828418432,UK,GBP
INDESXFTSE,2019-05-29,4031.31,4031.31,3969.04,3983.64,3983.64,973312448,UK,GBP
INDESXFTSE,2019-05-30,3983.64,4013.48,3981.36,4004.52,4004.52,843499648,UK,GBP
INDESXFTSE,2019-05-31,4004.52,4004.52,3957.52,3973.48,3973.48,1143632000,UK,GBP
INDESXFTSE,2019-06-03,3973.48,3982.23,3928.93,3981.07,3981.07,980942656,UK,GBP
INDESXFTSE,2019-06-04,3981.07,4003.23,3955.92,3999.22,3999.22,1151030016,UK,GBP
INDESXFTSE,2019-06-05,4000.16,4026.19,3994.97,4004.15,4004.15,1060137728,UK,GBP
INDESXFTSE,2019-06-06,4004.15,4030.89,4003.42,4022.35,4022.35,889538752,UK,GBP
INDESXFTSE,2019-06-07,4022.35,4067.28,4021.69,4061.53,4061.53,869698368,UK,GBP
INDESXFTSE,2019-06-10,4061.53,4086.59,4061.53,4084.43,4084.43,660877504,UK,GBP
INDESXFTSE,2019-06-11,4084.43,4105.8,4084.43,4095.63,4095.63,949099008,UK,GBP
INDESXFTSE,2019-06-12,4095.63,4095.63,4058.82,4078.73,4078.73,1048304576,UK,GBP
INDESXFTSE,2019-06-13,4078.73,4093.22,4070.24,4076.53,4076.53,866283008,UK,GBP
INDESXFTSE,2019-06-14,4076.53,4076.68,4049.85,4064.11,4064.11,883244864,UK,GBP
INDESXFTSE,2019-06-17,4064.11,4077.35,4055.46,4070.8,4070.8,826443072,UK,GBP
INDESXFTSE,2019-06-18,4070.8,4129.01,4062.93,4115.89,4115.89,1150075776,UK,GBP
INDESXFTSE,2019-06-19,4115.89,4121.71,4093.25,4095.27,4095.27,1078486144,UK,GBP
INDESXFTSE,2019-06-20,4095.27,4127.94,4095.24,4109.69,4109.69,1000620416,UK,GBP
INDESXFTSE,2019-06-21,4109.69,4125.06,4087.74,4099.8,4099.8,2202574848,UK,GBP
INDESXFTSE,2019-06-24,4099.8,4113.09,4096.09,4103.21,4103.21,828864128,UK,GBP
INDESXFTSE,2019-06-25,4103.21,4107.67,4080.46,4105.42,4105.42,873965184,UK,GBP
INDESXFTSE,2019-06-26,4105.42,4111.84,4096.33,4101.73,4101.73,831950272,UK,GBP
INDESXFTSE,2019-06-27,4101.73,4113.88,4081.72,4097.05,4097.05,983293568,UK,GBP
INDESXFTSE,2019-06-28,4097.05,4117.78,4096.66,4112.92,4112.92,1060801472,UK,GBP
INDESXFTSE,2019-07-01,4112.92,4167.58,4112.92,4152.18,4152.18,916231936,UK,GBP
INDESXFTSE,2019-07-02,4152.18,4184.38,4152.18,4181.7,4181.7,890061184,UK,GBP
INDESXFTSE,2019-07-03,4181.7,4214.86,4181.23,4209.46,4209.46,913593728,UK,GBP
INDESXFTSE,2019-07-04,4209.46,4216.29,4206.07,4207.03,4207.03,645902464,UK,GBP
INDESXFTSE,2019-07-05,4207.03,4207.08,4172.95,4178.75,4178.75,724263616,UK,GBP
INDESXFTSE,2019-07-08,4178.75,4188.65,4170.44,4174.43,4174.43,697377344,UK,GBP
INDESXFTSE,2019-07-09,4174.43,4175.11,4155.56,4164.61,4164.61,763157248,UK,GBP
INDESXFTSE,2019-07-10,4164.61,4175.39,4153.34,4160.29,4160.29,780584896,UK,GBP
INDESXFTSE,2019-07-11,4160.29,4176.06,4147.95,4151.4,4151.4,851351936,UK,GBP
INDESXFTSE,2019-07-12,4151.4,4167.05,4146.79,4153.31,4153.31,764951488,UK,GBP
INDESXFTSE,2019-07-15,4153.31,4174.6,4144.85,4166.37,4166.37,711033920,UK,GBP
INDESXFTSE,2019-07-16,4166.37,4196.18,4163.25,4189.95,4189.95,822902848,UK,GBP
INDESXFTSE,2019-07-17,4189.95,4190.47,4160.47,4169.13,4169.13,785911296,UK,GBP
INDESXFTSE,2019-07-18,4169.13,4169.15,4141.76,4146.76,4146.76,736663808,UK,GBP
INDESXFTSE,2019-07-19,4146.76,4175.22,4138.86,4156.95,4156.95,823948992,UK,GBP
INDESXFTSE,2019-07-22,4156.95,4177.24,4147.87,4160.75,4160.75,854334720,UK,GBP
INDESXFTSE,2019-07-23,4160.75,4203.6,4160.75,4183.78,4183.78,827947328,UK,GBP
INDESXFTSE,2019-07-24,4183.78,4185.13,4148.75,4159.24,4159.24,932264320,UK,GBP
INDESXFTSE,2019-07-25,4159.24,4182.3,4140.51,4154.59,4154.59,939396608,UK,GBP
INDESXFTSE,2019-07-26,4154.59,4185.91,4153.85,4183.75,4183.75,1021497920,UK,GBP
INDESXFTSE,2019-07-29,4183.75,4261.83,4183.39,4248.64,4248.64,1008718336,UK,GBP
INDESXFTSE,2019-07-30,4248.64,4269.1,4224.35,4226.32,4226.32,1082633216,UK,GBP
INDESXFTSE,2019-07-31,4226.32,4226.99,4191.35,4194.75,4194.75,1417471744,UK,GBP
INDESXFTSE,2019-08-01,4194.75,4205.69,4168.93,4192.77,4192.77,1119171456,UK,GBP
INDESXFTSE,2019-08-02,4192.77,4192.77,4093.5,4097.17,4097.17,1344961792,UK,GBP
INDESXFTSE,2019-08-05,4097.17,4097.17,3987.2,3999.05,3999.05,1581368832,UK,GBP
INDESXFTSE,2019-08-06,3999.05,4012.76,3972.35,3973.96,3973.96,1282765312,UK,GBP
INDESXFTSE,2019-08-07,3973.96,4010.15,3966.04,3989.73,3989.73,1178891008,UK,GBP
INDESXFTSE,2019-08-08,3989.73,4036.95,3989.19,4036.95,4036.95,1049568512,UK,GBP
INDESXFTSE,2019-08-09,4036.95,4042.64,4012.29,4020.51,4020.51,961228352,UK,GBP
INDESXFTSE,2019-08-12,4020.51,4048.41,3995.46,4001.8,4001.8,940103744,UK,GBP
INDESXFTSE,2019-08-13,4001.8,4031.31,3971.51,4016.27,4016.27,1022259584,UK,GBP
INDESXFTSE,2019-08-14,4016.27,4024.93,3941.74,3958.97,3958.97,1176985472,UK,GBP
INDESXFTSE,2019-08-15,3958.97,3961,3893.96,3918.32,3918.32,1085516160,UK,GBP
INDESXFTSE,2019-08-16,3918.32,3948.69,3918.32,3947.79,3947.79,892278400,UK,GBP
INDESXFTSE,2019-08-19,3947.79,3998.61,3947.79,3990.86,3990.86,861301312,UK,GBP
INDESXFTSE,2019-08-20,3990.86,4012.2,3956.03,3957.74,3957.74,841741824,UK,GBP
INDESXFTSE,2019-08-21,3957.74,4006.23,3956.36,4001.24,4001.24,772629952,UK,GBP
INDESXFTSE,2019-08-22,4001.24,4001.24,3952.53,3965.9,3965.9,891931072,UK,GBP
INDESXFTSE,2019-08-23,3965.9,4000.53,3951.5,3951.5,3951.5,920042560,UK,GBP
INDESXFTSE,2019-08-27,3951.5,3962.37,3927.65,3952.36,3952.36,1149456128,UK,GBP
INDESXFTSE,2019-08-28,3952.36,3968.09,3930.67,3959.56,3959.56,935697472,UK,GBP
INDESXFTSE,2019-08-29,3959.56,4000.63,3952.11,3994.97,3994.97,834439744,UK,GBP
INDESXFTSE,2019-08-30,3994.97,4025.12,3992.65,4009.02,4009.02,936362240,UK,GBP
INDESXFTSE,2019-09-02,4009.02,4063.37,4008.8,4046.77,4046.77,644296960,UK,GBP
INDESXFTSE,2019-09-03,4046.77,4056.08,4023.39,4039.79,4039.79,865252736,UK,GBP
INDESXFTSE,2019-09-04,4039.79,4075.25,4039.79,4065.07,4065.07,898006336,UK,GBP
INDESXFTSE,2019-09-05,4065.07,4074.56,4036.68,4047.45,4047.45,989758528,UK,GBP
INDESXFTSE,2019-09-06,4047.45,4054.54,4034.72,4054.54,4054.54,877848000,UK,GBP
INDESXFTSE,2019-09-09,4054.54,4077.22,4017.21,4031.98,4031.98,1035187328,UK,GBP
INDESXFTSE,2019-09-10,4031.98,4049.64,4014.45,4048.98,4048.98,1245882752,UK,GBP
INDESXFTSE,2019-09-11,4048.98,4093.83,4048.98,4089.81,4089.81,1080118912,UK,GBP
INDESXFTSE,2019-09-12,4089.81,4105.71,4070.63,4092.24,4092.24,980107904,UK,GBP
INDESXFTSE,2019-09-13,4092.24,4116.44,4081.68,4110.74,4110.74,1291238144,UK,GBP
INDESXFTSE,2019-09-16,4110.74,4115.94,4084.74,4084.74,4084.74,1203832960,UK,GBP
INDESXFTSE,2019-09-17,4084.74,4097.88,4068.94,4083.6,4083.6,1363862272,UK,GBP
INDESXFTSE,2019-09-18,4083.6,4099.41,4074.72,4081.11,4081.11,1160583808,UK,GBP
INDESXFTSE,2019-09-19,4081.11,4110.06,4069.89,4102,4102,980241856,UK,GBP
INDESXFTSE,2019-09-20,4102,4112.24,4086.5,4099.37,4099.37,2392749824,UK,GBP
INDESXFTSE,2019-09-23,4099.37,4106.92,4064.37,4086.33,4086.33,779052096,UK,GBP
INDESXFTSE,2019-09-24,4086.33,4095.94,4061.39,4065.98,4065.98,863023936,UK,GBP
INDESXFTSE,2019-09-25,4065.98,4066.23,4021.55,4060.38,4060.38,956529344,UK,GBP
INDESXFTSE,2019-09-26,4060.38,4108.73,4053.69,4090.23,4090.23,890602816,UK,GBP
INDESXFTSE,2019-09-27,4090.23,4135.46,4090.23,4130.32,4130.32,1094957568,UK,GBP
INDESXFTSE,2019-09-30,4130.32,4137.03,4117.79,4120.79,4120.79,1175841792,UK,GBP
INDESXFTSE,2019-10-01,4120.79,4134.08,4092.54,4096.37,4096.37,1009240320,UK,GBP
INDESXFTSE,2019-10-02,4096.37,4096.42,3971.39,3972.46,3972.46,1047144704,UK,GBP
INDESXFTSE,2019-10-03,3972.46,3975.67,3909.41,3947.21,3947.21,903447488,UK,GBP
INDESXFTSE,2019-10-04,3947.21,3988.11,3946.95,3987.82,3987.82,840198272,UK,GBP
INDESXFTSE,2019-10-07,3987.82,4010.31,3975.92,4005.49,4005.49,746621376,UK,GBP
INDESXFTSE,2019-10-08,4005.49,4020.24,3972.57,3972.57,3972.57,949494720,UK,GBP
INDESXFTSE,2019-10-09,3972.57,3998.82,3970.88,3982.4,3982.4,811508416,UK,GBP
INDESXFTSE,2019-10-10,3982.4,4005.97,3963.86,3993.81,3993.81,972937216,UK,GBP
INDESXFTSE,2019-10-11,3993.81,4050.95,3977.45,4049.61,4049.61,1976061184,UK,GBP
INDESXFTSE,2019-10-14,4049.61,4051.84,4014.66,4030.18,4030.18,1004788864,UK,GBP
INDESXFTSE,2019-10-15,4030.18,4049.8,4016.68,4038.49,4038.49,1413660672,UK,GBP
INDESXFTSE,2019-10-16,4038.49,4039.61,4006.26,4017.91,4017.91,1329029504,UK,GBP
INDESXFTSE,2019-10-17,4017.91,4052.15,4011.49,4025.71,4025.71,1487665024,UK,GBP
INDESXFTSE,2019-10-18,4025.71,4033.85,4009.07,4011.23,4011.23,1151070592,UK,GBP
INDESXFTSE,2019-10-21,4011.23,4035.47,4004.62,4020.05,4020.05,1088854528,UK,GBP
INDESXFTSE,2019-10-22,4020.05,4047.08,4010.92,4038.37,4038.37,1097404160,UK,GBP
INDESXFTSE,2019-10-23,4038.37,4063.06,4027.86,4060.67,4060.67,1054897088,UK,GBP
INDESXFTSE,2019-10-24,4060.67,4097.59,4058.64,4090.93,4090.93,931828160,UK,GBP
INDESXFTSE,2019-10-25,4090.93,4091.47,4062.3,4087.5,4087.5,803734912,UK,GBP
INDESXFTSE,2019-10-28,4087.5,4101.34,4072.95,4094.34,4094.34,862812736,UK,GBP
INDESXFTSE,2019-10-29,4094.34,4096,4060.41,4081.31,4081.31,906667904,UK,GBP
INDESXFTSE,2019-10-30,4081.31,4092.29,4064.32,4090.82,4090.82,875544448,UK,GBP
INDESXFTSE,2019-10-31,4090.82,4093.09,4048.8,4049.41,4049.41,1047263488,UK,GBP
INDESXFTSE,2019-11-01,4049.41,4080.9,4049.4,4079.18,4079.18,811129728,UK,GBP
INDESXFTSE,2019-11-04,4079.18,4123.97,4079.18,4113.51,4113.51,780870912,UK,GBP
INDESXFTSE,2019-11-05,4113.51,4128.59,4112.75,4123.6,4123.6,895874624,UK,GBP
INDESXFTSE,2019-11-06,4123.6,4126.13,4109.27,4124.89,4124.89,854072320,UK,GBP
INDESXFTSE,2019-11-07,4124.89,4148.64,4124.85,4136.83,4136.83,925943360,UK,GBP
INDESXFTSE,2019-11-08,4136.83,4136.83,4106.23,4112.42,4112.42,782297472,UK,GBP
INDESXFTSE,2019-11-11,4112.42,4112.42,4062.03,4099.89,4099.89,1119486848,UK,GBP
INDESXFTSE,2019-11-12,4099.89,4128.76,4099.68,4117.61,4117.61,1050798592,UK,GBP
INDESXFTSE,2019-11-13,4117.61,4117.61,4080.47,4106.3,4106.3,909578368,UK,GBP
INDESXFTSE,2019-11-14,4106.3,4106.34,4077.19,4077.19,4077.19,817822592,UK,GBP
INDESXFTSE,2019-11-15,4077.19,4098.45,4052.33,4087.82,4087.82,943788160,UK,GBP
INDESXFTSE,2019-11-18,4087.82,4105.75,4083.78,4091.26,4091.26,965559232,UK,GBP
INDESXFTSE,2019-11-19,4091.26,4143.7,4091.26,4101.75,4101.75,882551936,UK,GBP
INDESXFTSE,2019-11-20,4101.75,4101.75,4048.59,4071.47,4071.47,985455936,UK,GBP
INDESXFTSE,2019-11-21,4071.47,4071.47,4033.8,4056.75,4056.75,900266304,UK,GBP
INDESXFTSE,2019-11-22,4056.75,4109.59,4056.75,4101.68,4101.68,860804800,UK,GBP
INDESXFTSE,2019-11-25,4101.68,4142.18,4101.66,4141.37,4141.37,845646208,UK,GBP
INDESXFTSE,2019-11-26,4141.37,4154.78,4136.16,4150.08,4150.08,1498294016,UK,GBP
INDESXFTSE,2019-11-27,4150.08,4172.3,4148.8,4165.5,4165.5,909736128,UK,GBP
INDESXFTSE,2019-11-28,4165.5,4165.5,4142.82,4161.67,4161.67,805388160,UK,GBP
INDESXFTSE,2019-11-29,4161.67,4163.25,4122.01,4122.01,4122.01,841622400,UK,GBP
INDESXFTSE,2019-12-02,4122.01,4148.87,4084.97,4090.04,4090.04,1175188352,UK,GBP
INDESXFTSE,2019-12-03,4090.04,4090.04,4009.53,4024.19,4024.19,1112040704,UK,GBP
INDESXFTSE,2019-12-04,4024.19,4043.62,4015.56,4043.62,4043.62,938828480,UK,GBP
INDESXFTSE,2019-12-05,4043.62,4048,4017.36,4021.54,4021.54,942165056,UK,GBP
INDESXFTSE,2019-12-06,4021.54,4076.53,4021.54,4076.53,4076.53,791694528,UK,GBP
INDESXFTSE,2019-12-09,4076.53,4081.78,4062.59,4073.5,4073.5,1008837760,UK,GBP
INDESXFTSE,2019-12-10,4073.5,4073.78,4022.19,4059.32,4059.32,1023528960,UK,GBP
INDESXFTSE,2019-12-11,4059.32,4076.6,4042.99,4055.91,4055.91,1079127552,UK,GBP
INDESXFTSE,2019-12-12,4055.91,4103.48,4055.81,4087.47,4087.47,1126522112,UK,GBP
INDESXFTSE,2019-12-13,4087.47,4189.49,4071.93,4148.97,4148.97,2483529472,UK,GBP
INDESXFTSE,2019-12-16,4148.97,4255.28,4148.87,4239.98,4239.98,1475450240,UK,GBP
INDESXFTSE,2019-12-17,4239.98,4240.18,4219.3,4235.02,4235.02,1455243264,UK,GBP
INDESXFTSE,2019-12-18,4235.02,4249.4,4229.81,4241.28,4241.28,962399168,UK,GBP
INDESXFTSE,2019-12-19,4241.28,4257.41,4232.83,4256.75,4256.75,929968000,UK,GBP
INDESXFTSE,2019-12-20,4256.75,4268.31,4250.28,4261.05,4261.05,1653597184,UK,GBP
INDESXFTSE,2019-12-23,4261.05,4289.61,4251.36,4285.9,4285.9,668191744,UK,GBP
INDESXFTSE,2019-12-27,4294.61,4310.51,4289.74,4303.15,4303.15,476979104,UK,GBP
INDESXFTSE,2019-12-30,4303.15,4303.15,4272.09,4272.09,4272.09,426527168,UK,GBP
INDESXFTSE,2020-01-02,4249.57,4293.57,4249.57,4285.97,4285.97,701645824,UK,GBP
INDESXFTSE,2020-01-03,4285.97,4291.39,4253.7,4290.29,4290.29,641479488,UK,GBP
INDESXFTSE,2020-01-06,4290.29,4290.29,4236.7,4260.67,4260.67,741168832,UK,GBP
INDESXFTSE,2020-01-07,4260.67,4277.87,4255.35,4262.43,4262.43,795635520,UK,GBP
INDESXFTSE,2020-01-08,4262.43,4262.43,4232.72,4256.79,4256.79,1280114816,UK,GBP
INDESXFTSE,2020-01-09,4256.79,4282.13,4256.79,4267.27,4267.27,1245467904,UK,GBP
INDESXFTSE,2020-01-10,4267.27,4284.88,4259.77,4259.91,4259.91,1033629504,UK,GBP
INDESXFTSE,2020-01-13,4259.91,4289.43,4259.63,4278.83,4278.83,938330624,UK,GBP
INDESXFTSE,2020-01-14,4278.83,4297.71,4265.06,4282.37,4282.37,969452096,UK,GBP
INDESXFTSE,2020-01-15,4282.37,4290.77,4273.7,4290.42,4290.42,1000419008,UK,GBP
INDESXFTSE,2020-01-16,4290.42,4297.48,4266.81,4275.36,4275.36,949136000,UK,GBP
INDESXFTSE,2020-01-17,4275.36,4318.26,4275.36,4311.06,4311.06,874067456,UK,GBP
INDESXFTSE,2020-01-20,4311.06,4315.51,4293.13,4298.98,4298.98,825812928,UK,GBP
INDESXFTSE,2020-01-21,4298.98,4298.98,4246.7,4276.59,4276.59,1000231232,UK,GBP
INDESXFTSE,2020-01-22,4276.59,4289.86,4255.06,4259.13,4259.13,912243520,UK,GBP
INDESXFTSE,2020-01-23,4259.13,4259.37,4219.69,4221.72,4221.72,877882112,UK,GBP
INDESXFTSE,2020-01-24,4221.72,4291.5,4221.72,4265.71,4265.71,872449472,UK,GBP
INDESXFTSE,2020-01-27,4265.71,4265.71,4161.98,4169.21,4169.21,908060672,UK,GBP
INDESXFTSE,2020-01-28,4169.21,4211.82,4168.39,4205.53,4205.53,774166016,UK,GBP
INDESXFTSE,2020-01-29,4205.53,4223.84,4197.01,4208.09,4208.09,814224960,UK,GBP
INDESXFTSE,2020-01-30,4208.09,4208.09,4142.08,4154.81,4154.81,974886400,UK,GBP
INDESXFTSE,2020-01-31,4154.81,4168.59,4100.35,4105.14,4105.14,1026510272,UK,GBP
INDESXFTSE,2020-02-03,4105.14,4142.45,4104.72,4124.48,4124.48,969340160,UK,GBP
INDESXFTSE,2020-02-04,4124.48,4187.55,4124.48,4186.74,4186.74,964265920,UK,GBP
INDESXFTSE,2020-02-05,4186.74,4224.81,4171.97,4209.3,4209.3,1203985408,UK,GBP
INDESXFTSE,2020-02-06,4209.3,4238.44,4209.3,4221.47,4221.47,935055744,UK,GBP
INDESXFTSE,2020-02-07,4221.47,4222.51,4187.13,4201.25,4201.25,932255872,UK,GBP
INDESXFTSE,2020-02-10,4201.25,4201.28,4181.2,4191.83,4191.83,909685312,UK,GBP
INDESXFTSE,2020-02-11,4191.83,4235.84,4191.83,4221.45,4221.45,994187072,UK,GBP
INDESXFTSE,2020-02-12,4221.45,4248.34,4221.45,4242.69,4242.69,847618304,UK,GBP
INDESXFTSE,2020-02-13,4242.69,4242.73,4176.02,4200.32,4200.32,1069828864,UK,GBP
INDESXFTSE,2020-02-14,4200.32,4211.97,4178.75,4184.27,4184.27,932755264,UK,GBP
INDESXFTSE,2020-02-17,4184.27,4206.21,4184.27,4196.72,4196.72,673663744,UK,GBP
INDESXFTSE,2020-02-18,4196.72,4196.72,4155.43,4167.88,4167.88,995197248,UK,GBP
INDESXFTSE,2020-02-19,4167.88,4210.54,4167.88,4208.61,4208.61,806729600,UK,GBP
INDESXFTSE,2020-02-20,4208.61,4222.72,4199.66,4199.66,4199.66,1086263552,UK,GBP
INDESXFTSE,2020-02-21,4199.66,4199.69,4164.56,4181.51,4181.51,1029186176,UK,GBP
INDESXFTSE,2020-02-24,4181.51,4181.51,4021.31,4044.14,4044.14,1403838976,UK,GBP
INDESXFTSE,2020-02-25,4044.14,4068.29,3959.26,3965.9,3965.9,1290842880,UK,GBP
INDESXFTSE,2020-02-26,3965.9,3975.45,3881.65,3974.21,3974.21,1405143552,UK,GBP
INDESXFTSE,2020-02-27,3974.21,3974.21,3796.22,3831.35,3831.35,1770472192,UK,GBP
INDESXFTSE,2020-02-28,3831.35,3831.35,3651.09,3715.6,3715.6,2841464320,UK,GBP
INDESXFTSE,2020-03-02,3715.6,3823.59,3666.62,3749.23,3749.23,2292983040,UK,GBP
INDESXFTSE,2020-03-03,3749.23,3858.79,3749.23,3791.53,3791.53,1801978112,UK,GBP
INDESXFTSE,2020-03-04,3791.53,3864.63,3780.82,3838.93,3838.93,2617375744,UK,GBP
INDESXFTSE,2020-03-05,3838.93,3851.3,3751.86,3773.5,3773.5,1787732864,UK,GBP
INDESXFTSE,2020-03-06,3773.5,3773.5,3622.01,3640.96,3640.96,2176815616,UK,GBP
INDESXFTSE,2020-03-09,3640.96,3640.96,3334.08,3369.2,3369.2,2894214912,UK,GBP
INDESXFTSE,2020-03-10,3369.2,3513.76,3350.85,3366.61,3366.61,2489745408,UK,GBP
INDESXFTSE,2020-03-11,3366.61,3434.74,3313.33,3320.63,3320.63,2104390144,UK,GBP
INDESXFTSE,2020-03-12,3320.63,3320.63,2965.22,2968.38,2968.38,3094273536,UK,GBP
INDESXFTSE,2020-03-13,2968.38,3207.88,2968.38,3023.1,3023.1,2884337920,UK,GBP
INDESXFTSE,2020-03-16,3023.1,3023.1,2743.68,2882.19,2882.19,2913670144,UK,GBP
INDESXFTSE,2020-03-17,2882.19,2970.52,2780.76,2934.94,2934.94,2622276096,UK,GBP
INDESXFTSE,2020-03-18,2934.94,2934.94,2775.14,2804.29,2804.29,2617710336,UK,GBP
INDESXFTSE,2020-03-19,2804.29,2843.7,2718.73,2831.4,2831.4,2718964736,UK,GBP
INDESXFTSE,2020-03-20,2831.4,2977.52,2831.4,2875.26,2875.26,3593489408,UK,GBP
INDESXFTSE,2020-03-23,2875.26,2875.26,2723.12,2766.23,2766.23,2177849600,UK,GBP
INDESXFTSE,2020-03-24,2766.23,3013.67,2766.23,3013.67,3013.67,2147008256,UK,GBP
INDESXFTSE,2020-03-25,3013.67,3177.56,2999.82,3148.26,3148.26,2320808960,UK,GBP
INDESXFTSE,2020-03-26,3148.26,3226.52,3053.29,3226.52,3226.52,1912871040,UK,GBP
INDESXFTSE,2020-03-27,3226.52,3226.52,3010.25,3063.7,3063.7,1866112384,UK,GBP
INDESXFTSE,2020-03-30,3063.7,3085.72,2971.3,3083.7,3083.7,1541144576,UK,GBP
INDESXFTSE,2020-03-31,3083.7,3164.7,3083.69,3150.14,3150.14,2157259520,UK,GBP
INDESXFTSE,2020-04-01,3150.14,3150.14,3012.36,3030.24,3030.24,2124819200,UK,GBP
INDESXFTSE,2020-04-02,3030.24,3075.66,2999.56,3038.48,3038.48,1902169984,UK,GBP
INDESXFTSE,2020-04-03,3038.48,3041.41,2988.11,2996.97,2996.97,1603724672,UK,GBP
INDESXFTSE,2020-04-06,2996.97,3100.5,2996.97,3098.7,3098.7,1614486912,UK,GBP
INDESXFTSE,2020-04-07,3098.7,3225.23,3098.7,3181.01,3181.01,2143318144,UK,GBP
INDESXFTSE,2020-04-08,3181.01,3181.01,3125.04,3178.44,3178.44,1510639872,UK,GBP
INDESXFTSE,2020-04-09,3178.44,3273.6,3178.44,3273.6,3273.6,1780889984,UK,GBP
INDESXFTSE,2020-04-14,3273.6,3301.21,3232.94,3238.74,3238.74,1526748288,UK,GBP
INDESXFTSE,2020-04-15,3238.74,3238.8,3113.43,3123.81,3123.81,1634994304,UK,GBP
INDESXFTSE,2020-04-16,3123.81,3156.87,3114.45,3139.19,3139.19,1456866304,UK,GBP
INDESXFTSE,2020-04-17,3139.19,3258.81,3139.19,3229.21,3229.21,1652618112,UK,GBP
INDESXFTSE,2020-04-20,3229.21,3249.63,3187.5,3240.03,3240.03,1186386176,UK,GBP
INDESXFTSE,2020-04-21,3240.03,3240.03,3145.76,3145.76,3145.76,1285392000,UK,GBP
INDESXFTSE,2020-04-22,3145.76,3216.1,3145.64,3212.42,3212.42,1215927040,UK,GBP
INDESXFTSE,2020-04-23,3212.42,3255.83,3196.68,3245.49,3245.49,1203716480,UK,GBP
INDESXFTSE,2020-04-24,3245.49,3245.78,3195.16,3207.25,3207.25,1130225024,UK,GBP
INDESXFTSE,2020-04-27,3207.25,3266.85,3207.25,3260.22,3260.22,1081154432,UK,GBP
INDESXFTSE,2020-04-28,3260.22,3336.28,3258,3323.66,3323.66,1583564672,UK,GBP
INDESXFTSE,2020-04-29,3323.66,3421.63,3319.95,3414.97,3414.97,1710422912,UK,GBP
INDESXFTSE,2020-04-30,3414.97,3438.58,3300.38,3302.47,3302.47,2377810432,UK,GBP
INDESXFTSE,2020-05-01,3302.47,3302.47,3219.58,3227.82,3227.82,1021472064,UK,GBP
INDESXFTSE,2020-05-04,3227.82,3236.67,3191.34,3216.87,3216.87,1315344512,UK,GBP
INDESXFTSE,2020-05-05,3216.87,3277.41,3216.87,3266.18,3266.18,1268888192,UK,GBP
INDESXFTSE,2020-05-06,3266.18,3289.03,3259.64,3264.49,3264.49,1231191424,UK,GBP
INDESXFTSE,2020-05-07,3264.49,3314.11,3264.49,3311.71,3311.71,1317819136,UK,GBP
INDESXFTSE,2020-05-11,3311.71,3347.01,3293.26,3314.26,3314.26,1409749632,UK,GBP
INDESXFTSE,2020-05-12,3314.26,3348.05,3299.76,3336.58,3336.58,1340583680,UK,GBP
INDESXFTSE,2020-05-13,3336.58,3336.59,3279.79,3284.39,3284.39,1410686848,UK,GBP
INDESXFTSE,2020-05-14,3284.39,3284.39,3148.25,3192.76,3192.76,1620308608,UK,GBP
INDESXFTSE,2020-05-15,3192.76,3246.99,3192.76,3228.51,3228.51,1309866752,UK,GBP
INDESXFTSE,2020-05-18,3228.51,3367.51,3228.51,3363.56,3363.56,1304381440,UK,GBP
INDESXFTSE,2020-05-19,3363.56,3398.3,3325.2,3345,3345,1385601920,UK,GBP
INDESXFTSE,2020-05-20,3345,3380.96,3322.44,3376.84,3376.84,1326467072,UK,GBP
INDESXFTSE,2020-05-21,3376.84,3392.65,3344.38,3353.28,3353.28,1280475392,UK,GBP
INDESXFTSE,2020-05-22,3353.28,3353.28,3285.01,3343.49,3343.49,1392918016,UK,GBP
INDESXFTSE,2020-05-26,3343.49,3423.13,3343.49,3396.18,3396.18,1740927104,UK,GBP
INDESXFTSE,2020-05-27,3396.18,3453.67,3396.18,3438.88,3438.88,2038542592,UK,GBP
INDESXFTSE,2020-05-28,3438.88,3489.22,3438.88,3480.16,3480.16,1699883776,UK,GBP
INDESXFTSE,2020-05-29,3480.16,3480.16,3396.2,3403.98,3403.98,3151197696,UK,GBP
INDESXFTSE,2020-06-01,3403.98,3460.16,3403.98,3453.71,3453.71,1081959040,UK,GBP
INDESXFTSE,2020-06-02,3453.71,3494.35,3453.12,3484.08,3484.08,1580130048,UK,GBP
INDESXFTSE,2020-06-03,3484.08,3580.62,3484.08,3575.17,3575.17,1686858240,UK,GBP
INDESXFTSE,2020-06-04,3575.17,3585.39,3539.75,3553.69,3553.69,1491743744,UK,GBP
INDESXFTSE,2020-06-05,3553.69,3636.63,3553.69,3633.81,3633.81,1920967552,UK,GBP
INDESXFTSE,2020-06-08,3633.81,3653.43,3601.62,3625.24,3625.24,1846753536,UK,GBP
INDESXFTSE,2020-06-09,3625.24,3626.77,3543.81,3548.65,3548.65,1720138368,UK,GBP
INDESXFTSE,2020-06-10,3548.65,3579.4,3525.12,3540.54,3540.54,1474971904,UK,GBP
INDESXFTSE,2020-06-11,3540.54,3540.54,3401.69,3401.69,3401.69,1566344192,UK,GBP
INDESXFTSE,2020-06-12,3401.69,3461.74,3354.19,3418.45,3418.45,1486290176,UK,GBP
INDESXFTSE,2020-06-15,3418.45,3418.45,3336.6,3400,3400,1189548032,UK,GBP
INDESXFTSE,2020-06-16,3400,3527.89,3400,3495.58,3495.58,1397789312,UK,GBP
INDESXFTSE,2020-06-17,3495.58,3533,3492.89,3504.42,3504.42,1212131584,UK,GBP
INDESXFTSE,2020-06-18,3504.42,3521.2,3467.94,3488.67,3488.67,1104235136,UK,GBP
INDESXFTSE,2020-06-19,3488.67,3539.54,3488.67,3526.28,3526.28,2606828544,UK,GBP
INDESXFTSE,2020-06-22,3526.28,3533.76,3489.9,3500.09,3500.09,1133559296,UK,GBP
INDESXFTSE,2020-06-23,3500.09,3551.36,3500.09,3537.97,3537.97,1014686592,UK,GBP
INDESXFTSE,2020-06-24,3537.97,3537.97,3429.57,3429.57,3429.57,1060715136,UK,GBP
INDESXFTSE,2020-06-25,3429.57,3446.65,3375.07,3439.22,3439.22,1147180160,UK,GBP
INDESXFTSE,2020-06-26,3439.22,3500.34,3439.22,3444.93,3444.93,1069046528,UK,GBP
INDESXFTSE,2020-06-29,3444.93,3491.74,3423.54,3478.79,3478.79,1107900672,UK,GBP
INDESXFTSE,2020-06-30,3478.79,3484.54,3437.72,3450,3450,1365556096,UK,GBP
INDESXFTSE,2020-07-01,3450,3470.43,3406.45,3446.85,3446.85,1023945664,UK,GBP
INDESXFTSE,2020-07-02,3446.85,3502.74,3446.85,3491.25,3491.25,1118759296,UK,GBP
INDESXFTSE,2020-07-03,3491.25,3506.6,3440.01,3450.3,3450.3,732150144,UK,GBP
INDESXFTSE,2020-07-06,3450.3,3528.17,3450.3,3518.59,3518.59,973892736,UK,GBP
INDESXFTSE,2020-07-07,3518.59,3518.59,3462.13,3467.11,3467.11,869035200,UK,GBP
INDESXFTSE,2020-07-08,3467.11,3471.94,3440.49,3445.87,3445.87,924366208,UK,GBP
INDESXFTSE,2020-07-09,3445.87,3459.57,3385.85,3389.48,3389.48,972812160,UK,GBP
INDESXFTSE,2020-07-10,3389.48,3424.75,3364.11,3417.34,3417.34,976138624,UK,GBP
INDESXFTSE,2020-07-13,3417.34,3466.99,3417.34,3461.88,3461.88,845085632,UK,GBP
INDESXFTSE,2020-07-14,3461.88,3461.88,3414.52,3456.52,3456.52,986296832,UK,GBP
INDESXFTSE,2020-07-15,3456.52,3533.14,3456.52,3517.4,3517.4,1035014080,UK,GBP
INDESXFTSE,2020-07-16,3517.4,3519.02,3483.4,3494.51,3494.51,774780096,UK,GBP
INDESXFTSE,2020-07-17,3494.51,3514.8,3481.29,3513.88,3513.88,952671104,UK,GBP
INDESXFTSE,2020-07-20,3513.88,3516.86,3479.24,3501.72,3501.72,709130304,UK,GBP
INDESXFTSE,2020-07-21,3501.72,3532.53,3500.82,3509.42,3509.42,1034510784,UK,GBP
INDESXFTSE,2020-07-22,3509.42,3511.72,3474.55,3479,3479,1008928320,UK,GBP
INDESXFTSE,2020-07-23,3479,3512.02,3477.38,3481.81,3481.81,904766528,UK,GBP
INDESXFTSE,2020-07-24,3481.81,3481.81,3422.94,3433.44,3433.44,1090800896,UK,GBP
INDESXFTSE,2020-07-27,3433.44,3435.27,3413.55,3421.03,3421.03,978245376,UK,GBP
INDESXFTSE,2020-07-28,3421.03,3447.19,3413.03,3436.42,3436.42,909902848,UK,GBP
INDESXFTSE,2020-07-29,3436.42,3447.5,3429.11,3436.43,3436.43,1103198720,UK,GBP
INDESXFTSE,2020-07-30,3436.43,3443.72,3328.34,3362.73,3362.73,1554258432,UK,GBP
INDESXFTSE,2020-07-31,3362.73,3392.99,3316.88,3316.88,3316.88,1354804096,UK,GBP
INDESXFTSE,2020-08-03,3316.88,3389.56,3294.32,3387.43,3387.43,1207250432,UK,GBP
INDESXFTSE,2020-08-04,3387.43,3400.98,3365.39,3393.9,3393.9,1067089408,UK,GBP
INDESXFTSE,2020-08-05,3393.9,3437,3393.88,3437,3437,1059274944,UK,GBP
INDESXFTSE,2020-08-06,3437,3437,3370.42,3395.41,3395.41,927404416,UK,GBP
INDESXFTSE,2020-08-07,3395.41,3407.91,3379.5,3402.65,3402.65,828825088,UK,GBP
INDESXFTSE,2020-08-10,3402.65,3439.46,3402.65,3414.64,3414.64,893338624,UK,GBP
INDESXFTSE,2020-08-11,3414.64,3497.96,3414.64,3472.13,3472.13,1191041024,UK,GBP
INDESXFTSE,2020-08-12,3472.13,3542.04,3471.13,3533.9,3533.9,1131110144,UK,GBP
INDESXFTSE,2020-08-13,3533.9,3533.9,3484.3,3484.3,3484.3,777916736,UK,GBP
INDESXFTSE,2020-08-14,3484.3,3484.3,3405.95,3433.4,3433.4,779516672,UK,GBP
INDESXFTSE,2020-08-17,3433.4,3458.42,3416.88,3452.06,3452.06,722743936,UK,GBP
INDESXFTSE,2020-08-18,3452.06,3470.71,3417.99,3423.38,3423.38,814003840,UK,GBP
INDESXFTSE,2020-08-19,3423.38,3439.89,3406.78,3438.55,3438.55,700313344,UK,GBP
INDESXFTSE,2020-08-20,3438.55,3438.55,3386.69,3389.63,3389.63,735853376,UK,GBP
INDESXFTSE,2020-08-21,3389.63,3402.1,3355.35,3387,3387,740439552,UK,GBP
INDESXFTSE,2020-08-24,3387,3447.19,3387,3438.57,3438.57,676342912,UK,GBP
INDESXFTSE,2020-08-25,3438.57,3473.96,3400.84,3403.39,3403.39,776670592,UK,GBP
INDESXFTSE,2020-08-26,3403.39,3414.28,3381.46,3413.27,3413.27,644859456,UK,GBP
INDESXFTSE,2020-08-27,3413.27,3421.9,3392.28,3392.28,3392.28,724768896,UK,GBP
INDESXFTSE,2020-08-28,3392.28,3408.87,3373.9,3376.16,3376.16,1219901824,UK,GBP
INDESXFTSE,2020-09-01,3376.16,3380.56,3300.73,3322.67,3322.67,1319719808,UK,GBP
INDESXFTSE,2020-09-02,3322.67,3382.41,3322.58,3362.81,3362.81,919646144,UK,GBP
INDESXFTSE,2020-09-03,3362.81,3393.06,3307.39,3312.61,3312.61,998648832,UK,GBP
INDESXFTSE,2020-09-04,3312.61,3342.78,3273.89,3284.93,3284.93,928150720,UK,GBP
INDESXFTSE,2020-09-07,3284.93,3363.88,3284.93,3359.07,3359.07,695332160,UK,GBP
INDESXFTSE,2020-09-08,3359.07,3383.49,3320.35,3355.19,3355.19,972835968,UK,GBP
INDESXFTSE,2020-09-09,3355.19,3403.03,3350.39,3392.69,3392.69,966614528,UK,GBP
INDESXFTSE,2020-09-10,3392.69,3403.61,3364.04,3387.54,3387.54,875314368,UK,GBP
INDESXFTSE,2020-09-11,3387.54,3413.26,3383.84,3400.36,3400.36,788513216,UK,GBP
INDESXFTSE,2020-09-14,3400.36,3424.82,3393.03,3401.69,3401.69,888131904,UK,GBP
INDESXFTSE,2020-09-15,3401.69,3452.33,3401.54,3443.29,3443.29,983096512,UK,GBP
INDESXFTSE,2020-09-16,3443.29,3448.79,3420.15,3430,3430,1011290624,UK,GBP
INDESXFTSE,2020-09-17,3430,3430,3388.5,3414.75,3414.75,903735104,UK,GBP
INDESXFTSE,2020-09-18,3414.72,3416.42,3388.01,3389.14,3389.14,2609298688,UK,GBP
INDESXFTSE,2020-09-21,3389.14,3389.14,3258.96,3271.19,3271.19,1432568064,UK,GBP
INDESXFTSE,2020-09-22,3271.19,3304.96,3262.21,3281.27,3281.27,1105978752,UK,GBP
INDESXFTSE,2020-09-23,3281.27,3358.93,3281.27,3319.55,3319.55,1106040064,UK,GBP
INDESXFTSE,2020-09-24,3319.55,3319.55,3269.79,3277.52,3277.52,1078806272,UK,GBP
INDESXFTSE,2020-09-25,3277.52,3294.89,3251.76,3294.89,3294.89,1055450304,UK,GBP
INDESXFTSE,2020-09-28,3294.89,3358.74,3294.89,3345.58,3345.58,1139909376,UK,GBP
INDESXFTSE,2020-09-29,3345.58,3345.6,3310.11,3324.8,3324.8,907103488,UK,GBP
INDESXFTSE,2020-09-30,3324.8,3342.09,3302.22,3314.92,3314.92,1191862272,UK,GBP
INDESXFTSE,2020-10-01,3314.92,3346.3,3307.67,3323.43,3323.43,986383488,UK,GBP
INDESXFTSE,2020-10-02,3323.43,3334.4,3286.42,3334.4,3334.4,976027968,UK,GBP
INDESXFTSE,2020-10-05,3334.4,3372.45,3334.4,3359.71,3359.71,1060455744,UK,GBP
INDESXFTSE,2020-10-06,3359.71,3378.7,3343.2,3370.18,3370.18,1083934464,UK,GBP
INDESXFTSE,2020-10-07,3370.18,3384.17,3360.51,3368.6,3368.6,1018249920,UK,GBP
INDESXFTSE,2020-10-08,3368.6,3400.56,3362.48,3388.26,3388.26,1084073856,UK,GBP
INDESXFTSE,2020-10-09,3388.26,3421.13,3388.26,3410.57,3410.57,1003224576,UK,GBP
INDESXFTSE,2020-10-12,3410.57,3424.77,3400.38,3406.59,3406.59,883112256,UK,GBP
INDESXFTSE,2020-10-13,3406.59,3409.35,3373.47,3382.53,3382.53,1038319360,UK,GBP
INDESXFTSE,2020-10-14,3382.53,3404.51,3363.7,3368.39,3368.39,840013312,UK,GBP
INDESXFTSE,2020-10-15,3368.39,3368.39,3287.8,3316.85,3316.85,984755648,UK,GBP
INDESXFTSE,2020-10-16,3316.85,3364.5,3316.85,3356.89,3356.89,945010752,UK,GBP
INDESXFTSE,2020-10-19,3356.89,3377.38,3334.11,3342.06,3342.06,700124288,UK,GBP
INDESXFTSE,2020-10-20,3342.06,3359.56,3328.93,3346.31,3346.31,832013120,UK,GBP
INDESXFTSE,2020-10-21,3346.31,3353.17,3285.93,3289.04,3289.04,887974528,UK,GBP
INDESXFTSE,2020-10-22,3289.24,3301.87,3257.71,3296.89,3296.89,975853440,UK,GBP
INDESXFTSE,2020-10-23,3296.89,3350.13,3295.62,3338.89,3338.89,1120175360,UK,GBP
INDESXFTSE,2020-10-26,3338.89,3342.07,3297.25,3298.47,3298.47,915401344,UK,GBP
INDESXFTSE,2020-10-27,3298.47,3304.74,3259.91,3260.18,3260.18,1052246592,UK,GBP
INDESXFTSE,2020-10-28,3260.18,3260.18,3151.19,3180.69,3180.69,1529308416,UK,GBP
INDESXFTSE,2020-10-29,3180.69,3197.09,3155.07,3177.8,3177.8,1219062400,UK,GBP
INDESXFTSE,2020-10-30,3177.8,3184.81,3151.05,3176.95,3176.95,1109577216,UK,GBP
INDESXFTSE,2020-11-02,3176.95,3216.68,3163.01,3212.02,3212.02,1004353280,UK,GBP
INDESXFTSE,2020-11-03,3212.02,3284.17,3212.02,3283.89,3283.89,1074274432,UK,GBP
INDESXFTSE,2020-11-04,3283.89,3339.07,3244.05,3339.07,3339.07,1057617024,UK,GBP
INDESXFTSE,2020-11-05,3339.07,3369.19,3339.07,3354.2,3354.2,1186628992,UK,GBP
INDESXFTSE,2020-11-06,3354.2,3377.67,3329.7,3355.63,3355.63,1034502400,UK,GBP
INDESXFTSE,2020-11-09,3355.63,3549.66,3355.63,3515.68,3515.68,2665088512,UK,GBP
INDESXFTSE,2020-11-10,3515.68,3578.93,3513.43,3573.17,3573.17,2364284928,UK,GBP
INDESXFTSE,2020-11-11,3573.17,3630.96,3571.24,3623.37,3623.37,1756773632,UK,GBP
INDESXFTSE,2020-11-12,3623.37,3623.37,3580.38,3601.98,3601.98,1385614336,UK,GBP
INDESXFTSE,2020-11-13,3601.98,3602.66,3570.67,3590.4,3590.4,1252402944,UK,GBP
INDESXFTSE,2020-11-16,3590.4,3672.9,3590.4,3650.63,3650.63,1729801216,UK,GBP
INDESXFTSE,2020-11-17,3650.63,3653.15,3592.38,3621.46,3621.46,1516981632,UK,GBP
INDESXFTSE,2020-11-18,3621.46,3642.08,3602.3,3636.91,3636.91,1382869760,UK,GBP
INDESXFTSE,2020-11-19,3636.88,3636.89,3597.76,3606.73,3606.73,1366649728,UK,GBP
INDESXFTSE,2020-11-20,3606.73,3634.42,3601.11,3614.69,3614.69,1148074624,UK,GBP
INDESXFTSE,2020-11-23,3614.69,3638.98,3603.4,3609.01,3609.01,1240651136,UK,GBP
INDESXFTSE,2020-11-24,3609.01,3662.18,3609.01,3661.79,3661.79,1743985664,UK,GBP
INDESXFTSE,2020-11-25,3661.79,3678.26,3628.59,3635.25,3635.25,1511438336,UK,GBP
INDESXFTSE,2020-11-26,3635.25,3647.12,3607.92,3616.32,3616.32,995297408,UK,GBP
INDESXFTSE,2020-11-27,3616.32,3620.72,3581.55,3620.72,3620.72,1925827072,UK,GBP
INDESXFTSE,2020-11-30,3620.72,3641.91,3569.02,3569.02,3569.02,1884805248,UK,GBP
INDESXFTSE,2020-12-01,3569.02,3645.75,3567.75,3641.18,3641.18,1227373312,UK,GBP
INDESXFTSE,2020-12-02,3641.18,3682.5,3630.55,3679.17,3679.17,1316721536,UK,GBP
INDESXFTSE,2020-12-03,3679.17,3700.46,3662.77,3700.05,3700.05,1362231296,UK,GBP
INDESXFTSE,2020-12-04,3700.05,3735.79,3699.8,3729.83,3729.83,1419154816,UK,GBP
INDESXFTSE,2020-12-07,3729.83,3749.35,3704.66,3724.04,3724.04,1248132480,UK,GBP
INDESXFTSE,2020-12-08,3724.04,3728.17,3703.46,3723.72,3723.72,1104526208,UK,GBP
INDESXFTSE,2020-12-09,3723.72,3758.11,3723.72,3726.72,3726.72,1054832704,UK,GBP
INDESXFTSE,2020-12-10,3726.72,3759.38,3716.76,3739.22,3739.22,1407498112,UK,GBP
INDESXFTSE,2020-12-11,3739.22,3740.85,3695.73,3710,3710,1437636864,UK,GBP
INDESXFTSE,2020-12-14,3710,3738.67,3699.92,3707.6,3707.6,1151999616,UK,GBP
INDESXFTSE,2020-12-15,3707.6,3722.04,3684.19,3701.78,3701.78,1163145984,UK,GBP
INDESXFTSE,2020-12-16,3701.78,3749.95,3701.78,3736.74,3736.74,1249681920,UK,GBP
INDESXFTSE,2020-12-17,3736.74,3753.23,3731.19,3733.89,3733.89,1072864064,UK,GBP
INDESXFTSE,2020-12-18,3733.89,3757.8,3712.59,3717.78,3717.78,1729725312,UK,GBP
INDESXFTSE,2020-12-21,3636.88,3636.89,3597.76,3651.03,3651.03,1428742656,UK,GBP
INDESXFTSE,2020-12-22,3651.03,3678.57,3637.38,3676.74,3676.74,766167808,UK,GBP
INDESXFTSE,2020-12-23,3676.74,3708.64,3666.31,3708.02,3708.02,1036813056,UK,GBP
INDESXFTSE,2020-12-29,3719.11,3814.38,3719.11,3777.7,3777.7,1145879296,UK,GBP
INDESXFTSE,2020-12-30,3777.7,3788.65,3748.41,3749.79,3749.79,612251776,UK,GBP
INDESXFTSE,2020-12-31,3749.79,3788.65,3748.41,3697.7,3697.7,0,UK,GBP
INDESXFTSE,2021-01-04,3697.7,3803.35,3697.7,3751.55,3751.55,1254043136,UK,GBP
INDESXFTSE,2021-01-05,3751.55,3777.75,3735.24,3776.33,3776.33,1026579328,UK,GBP
INDESXFTSE,2021-01-06,3776.33,3899.52,3776.18,3892.36,3892.36,1463008384,UK,GBP
INDESXFTSE,2021-01-07,3892.36,3924.84,3866.22,3900.64,3900.64,1113800192,UK,GBP
INDESXFTSE,2021-01-08,3900.64,3917.51,3891.09,3910.06,3910.06,1124655744,UK,GBP
INDESXFTSE,2021-01-11,3910.06,3910.69,3853.09,3865.6,3865.6,900313472,UK,GBP
INDESXFTSE,2021-01-12,3865.6,3875.51,3837.6,3842.73,3842.73,947582528,UK,GBP
INDESXFTSE,2021-01-13,3842.73,3851.09,3832.13,3835.55,3835.55,856167808,UK,GBP
INDESXFTSE,2021-01-14,3835.55,3867.79,3834.02,3867.22,3867.22,851336320,UK,GBP
INDESXFTSE,2021-01-15,3867.22,3867.22,3799.24,3830.92,3830.92,1024828032,UK,GBP
INDESXFTSE,2021-01-18,3830.92,3834.77,3818.7,3824.63,3824.63,569800064,UK,GBP
INDESXFTSE,2021-01-19,3824.63,3849.75,3812.29,3819.83,3819.83,880585984,UK,GBP
INDESXFTSE,2021-01-20,3819.83,3846.93,3813.96,3841.79,3841.79,871529984,UK,GBP
INDESXFTSE,2021-01-21,3841.79,3861,3827.22,3827.22,3827.22,881913344,UK,GBP
INDESXFTSE,2021-01-22,3827.22,3827.83,3789.91,3811.25,3811.25,970217536,UK,GBP
INDESXFTSE,2021-01-25,3811.25,3824.66,3762.28,3776.85,3776.85,1059881984,UK,GBP
INDESXFTSE,2021-01-26,3776.85,3812.45,3773.65,3787.15,3787.15,946842304,UK,GBP
INDESXFTSE,2021-01-27,3787.15,3793.5,3708.71,3740.98,3740.98,1406871296,UK,GBP
INDESXFTSE,2021-01-28,3740.98,3741.08,3668.03,3724.58,3724.58,1248175744,UK,GBP
INDESXFTSE,2021-01-29,3724.58,3724.58,3656.3,3664.37,3664.37,1191419136,UK,GBP
INDESXFTSE,2021-02-01,3664.37,3712.85,3664.37,3697.37,3697.37,890492288,UK,GBP
INDESXFTSE,2021-02-02,3697.37,3731.86,3697.37,3730.63,3730.63,1013558016,UK,GBP
INDESXFTSE,2021-02-03,3730.63,3762.64,3719.73,3728.52,3728.52,990928384,UK,GBP
INDESXFTSE,2021-02-04,3728.52,3753.47,3714.02,3728.45,3728.45,1154979712,UK,GBP
INDESXFTSE,2021-02-05,3728.45,3741.21,3712.56,3730.11,3730.11,1305228032,UK,GBP
INDESXFTSE,2021-02-08,3730.11,3767.12,3730.11,3746.79,3746.79,1054360448,UK,GBP
INDESXFTSE,2021-02-09,3746.79,3756.15,3735.22,3751.41,3751.41,780848448,UK,GBP
INDESXFTSE,2021-02-10,3751.41,3776.73,3721.97,3744.24,3744.24,901603840,UK,GBP
INDESXFTSE,2021-02-11,3744.24,3758.54,3737.42,3746.98,3746.98,784919232,UK,GBP
INDESXFTSE,2021-02-12,3746.98,3776.26,3721.28,3776.26,3776.26,741509568,UK,GBP
INDESXFTSE,2021-02-15,3776.26,3875.3,3776.26,3866.68,3866.68,1089909632,UK,GBP
INDESXFTSE,2021-02-16,3866.68,3890.27,3857.04,3863.19,3863.19,1072776448,UK,GBP
INDESXFTSE,2021-02-17,3863.19,3869.66,3832.49,3836.68,3836.68,997713856,UK,GBP
INDESXFTSE,2021-02-18,3836.68,3844.91,3773.39,3785.69,3785.69,1113630848,UK,GBP
INDESXFTSE,2021-02-19,3785.69,3803.65,3778.44,3792.25,3792.25,1125113984,UK,GBP
INDESXFTSE,2021-02-22,3792.25,3792.44,3748.23,3784.94,3784.94,1112466304,UK,GBP
INDESXFTSE,2021-02-23,3784.94,3823.9,3755.27,3793.86,3793.86,1549731840,UK,GBP
INDESXFTSE,2021-02-24,3793.86,3822.83,3769.22,3817.69,3817.69,1495797504,UK,GBP
INDESXFTSE,2021-02-25,3817.69,3839.14,3805.49,3810.65,3810.65,1284065536,UK,GBP
INDESXFTSE,2021-02-26,3810.65,3810.65,3714.53,3722.27,3722.27,1733436160,UK,GBP
INDESXFTSE,2021-03-01,3722.27,3795.02,3722.27,3781.7,3781.7,1038261440,UK,GBP
INDESXFTSE,2021-03-02,3781.7,3816.8,3768.71,3792.09,3792.09,989299712,UK,GBP
INDESXFTSE,2021-03-03,3792.09,3844.17,3792.09,3829.47,3829.47,1304335872,UK,GBP
INDESXFTSE,2021-03-04,3829.47,3829.68,3779.67,3813.36,3813.36,1231388416,UK,GBP
INDESXFTSE,2021-03-05,3813.36,3841.02,3764.05,3792.84,3792.84,1446007168,UK,GBP
INDESXFTSE,2021-03-08,3792.84,3845.72,3786.15,3842.51,3842.51,1322572288,UK,GBP
INDESXFTSE,2021-03-09,3842.51,3881.33,3828.27,3853.41,3853.41,1310475008,UK,GBP
INDESXFTSE,2021-03-10,3853.41,3858.37,3826.02,3851.98,3851.98,1086141440,UK,GBP
INDESXFTSE,2021-03-11,3851.98,3870.29,3842.16,3861.44,3861.44,1061027776,UK,GBP
INDESXFTSE,2021-03-12,3861.44,3874.15,3845.14,3872.05,3872.05,1073187456,UK,GBP
INDESXFTSE,2021-03-15,3872.05,3895.42,3853.68,3867.06,3867.06,1013563520,UK,GBP
INDESXFTSE,2021-03-16,3867.06,3905.23,3867.02,3900.25,3900.25,1305618304,UK,GBP
INDESXFTSE,2021-03-17,3900.25,3900.32,3870.86,3874.32,3874.32,1210542336,UK,GBP
INDESXFTSE,2021-03-18,3874.32,3888.62,3863.38,3882.61,3882.61,1183335040,UK,GBP
INDESXFTSE,2021-03-19,3882.61,3882.61,3822.7,3844.51,3844.51,2670467584,UK,GBP
INDESXFTSE,2021-03-22,3844.51,3857.02,3814.7,3853.82,3853.82,1091211520,UK,GBP
INDESXFTSE,2021-03-23,3853.82,3853.82,3821.12,3837.13,3837.13,1209157248,UK,GBP
INDESXFTSE,2021-03-24,3837.13,3850.96,3811.54,3845.88,3845.88,1235607168,UK,GBP
INDESXFTSE,2021-03-25,3845.88,3853.45,3794.95,3823.96,3823.96,1080684416,UK,GBP
INDESXFTSE,2021-03-26,3823.96,3862.64,3823.9,3861.61,3861.61,1058513856,UK,GBP
INDESXFTSE,2021-03-29,3861.61,3871.88,3844.64,3857.85,3857.85,889340096,UK,GBP
INDESXFTSE,2021-03-30,3857.85,3888.06,3856.41,3879.25,3879.25,940255488,UK,GBP
INDESXFTSE,2021-03-31,3879.25,3881.69,3850.07,3850.07,3850.07,1243560320,UK,GBP
INDESXFTSE,2021-04-01,3850.07,3881.6,3850.07,3868.2,3868.2,873476864,UK,GBP
INDESXFTSE,2021-04-06,3868.2,3927.28,3868.2,3917.18,3917.18,1084743040,UK,GBP
INDESXFTSE,2021-04-07,3917.18,3957.28,3917.18,3951.55,3951.55,960241216,UK,GBP
INDESXFTSE,2021-04-08,3951.55,3981.03,3950.93,3981.03,3981.03,1107608448,UK,GBP
INDESXFTSE,2021-04-09,3981.03,3985.58,3963.68,3968.75,3968.75,886561024,UK,GBP
INDESXFTSE,2021-04-12,3968.75,3969.08,3935.13,3953.08,3953.08,923820608,UK,GBP
INDESXFTSE,2021-04-13,3953.08,3959.15,3938.89,3957.49,3957.49,864831680,UK,GBP
INDESXFTSE,2021-04-14,3957.49,3984.01,3951.92,3983.34,3983.34,865634816,UK,GBP
INDESXFTSE,2021-04-15,3983.34,4012.95,3983.22,4007.73,4007.73,929496192,UK,GBP
INDESXFTSE,2021-04-16,4007.73,4036.24,4007.65,4026.26,4026.26,1029243200,UK,GBP
INDESXFTSE,2021-04-19,4026.26,4040.4,4005.93,4016.12,4016.12,827460096,UK,GBP
INDESXFTSE,2021-04-20,4016.12,4017.79,3937.1,3937.91,3937.91,1161182336,UK,GBP
INDESXFTSE,2021-04-21,3937.91,3964.12,3936.61,3953.76,3953.76,973460160,UK,GBP
INDESXFTSE,2021-04-22,3953.76,3983.9,3953.31,3983.02,3983.02,938486592,UK,GBP
INDESXFTSE,2021-04-23,3983.02,3983.41,3958.35,3983.41,3983.41,776158720,UK,GBP
INDESXFTSE,2021-04-26,3983.41,4004.58,3971.33,4001.63,4001.63,755196096,UK,GBP
INDESXFTSE,2021-04-27,4001.63,4007.56,3981.32,3988.41,3988.41,926152832,UK,GBP
INDESXFTSE,2021-04-28,3988.41,4011.49,3987.96,3997.39,3997.39,1275279488,UK,GBP
INDESXFTSE,2021-04-29,3997.39,4025.97,3989.33,3994.83,3994.83,1011189248,UK,GBP
INDESXFTSE,2021-04-30,3994.83,4021.92,3985.7,4002.15,4002.15,1194147968,UK,GBP
INDESXFTSE,2021-05-04,4002.15,4035.54,3969.77,3974.82,3974.82,1266902784,UK,GBP
INDESXFTSE,2021-05-05,3974.82,4035.34,3974.82,4031.07,4031.07,1025590080,UK,GBP
INDESXFTSE,2021-05-06,4031.07,4051.79,4027.73,4051.79,4051.79,1098141824,UK,GBP
INDESXFTSE,2021-05-07,4051.79,4091.43,4051.79,4086.17,4086.17,967289984,UK,GBP
INDESXFTSE,2021-05-10,4086.17,4103.48,4070.28,4080.79,4080.79,1030437568,UK,GBP
INDESXFTSE,2021-05-11,4080.79,4080.79,3963.77,3981.12,3981.12,1318901248,UK,GBP
INDESXFTSE,2021-05-12,3981.12,4020.13,3980.29,4005.72,4005.72,1091542272,UK,GBP
INDESXFTSE,2021-05-13,4005.72,4005.73,3908.91,3985.1,3985.1,947771392,UK,GBP
INDESXFTSE,2021-05-14,3985.1,4034.31,3985.1,4031.45,4031.45,1041528320,UK,GBP
INDESXFTSE,2021-05-17,4031.45,4046,4003.96,4022.42,4022.42,823052800,UK,GBP
INDESXFTSE,2021-05-18,4022.42,4060.91,4022.42,4026.95,4026.95,1000920064,UK,GBP
INDESXFTSE,2021-05-19,4026.95,4026.95,3954.84,3984.36,3984.36,1068410880,UK,GBP
INDESXFTSE,2021-05-20,3984.36,4022.12,3972.17,4022.12,4022.12,980240960,UK,GBP
INDESXFTSE,2021-05-21,4022.12,4028.14,3998.4,4021.55,4021.55,1118430720,UK,GBP
INDESXFTSE,2021-05-24,4021.55,4041.42,4019.88,4040.02,4040.02,653267584,UK,GBP
INDESXFTSE,2021-05-25,4040.02,4050.21,4028.34,4028.34,4028.34,974528128,UK,GBP
INDESXFTSE,2021-05-26,4028.34,4042.07,4018.09,4033.58,4033.58,951415104,UK,GBP
INDESXFTSE,2021-05-27,4033.58,4043.25,4025.99,4030.8,4030.8,2022303360,UK,GBP
INDESXFTSE,2021-05-28,4030.8,4050.27,4030.79,4032.98,4032.98,1088443648,UK,GBP
INDESXFTSE,2021-06-01,4032.98,4084.43,4032.98,4066.34,4066.34,1033298944,UK,GBP
INDESXFTSE,2021-06-02,4066.34,4089.15,4062.62,4081.16,4081.16,868109120,UK,GBP
INDESXFTSE,2021-06-03,4081.16,4082.63,4031.33,4056.42,4056.42,893051392,UK,GBP
INDESXFTSE,2021-06-04,4056.42,4061.14,4043.78,4059.61,4059.61,659029696,UK,GBP
INDESXFTSE,2021-06-07,4059.61,4076.3,4046.03,4065.88,4065.88,1183024512,UK,GBP
INDESXFTSE,2021-06-08,4065.88,4087.22,4064.93,4073.88,4073.88,798494464,UK,GBP
INDESXFTSE,2021-06-09,4073.88,4074.43,4045.69,4062.85,4062.85,893402048,UK,GBP
INDESXFTSE,2021-06-10,4062.85,4076.98,4057.76,4061.37,4061.37,855543552,UK,GBP
INDESXFTSE,2021-06-11,4061.37,4090.63,4061.37,4086.98,4086.98,750787136,UK,GBP
INDESXFTSE,2021-06-14,4086.98,4116.51,4086.91,4093.25,4093.25,817217920,UK,GBP
INDESXFTSE,2021-06-15,4093.25,4113.83,4091.34,4101.74,4101.74,1175213312,UK,GBP
INDESXFTSE,2021-06-16,4101.74,4126.58,4097.58,4107.15,4107.15,1102255232,UK,GBP
INDESXFTSE,2021-06-17,4107.15,4107.15,4077.77,4089.67,4089.67,1104633856,UK,GBP
INDESXFTSE,2021-06-18,4089.67,4092.44,4014.13,4018.95,4018.95,2692974336,UK,GBP
INDESXFTSE,2021-06-21,4018.95,4044.79,3981.99,4044.31,4044.31,1221725184,UK,GBP
INDESXFTSE,2021-06-22,4044.31,4068.03,4044.06,4064.49,4064.49,820296960,UK,GBP
INDESXFTSE,2021-06-23,4064.49,4083.32,4056.33,4056.33,4056.33,824856832,UK,GBP
INDESXFTSE,2021-06-24,4056.33,4075.39,4054.35,4068.46,4068.46,1053302784,UK,GBP
INDESXFTSE,2021-06-25,4068.46,4086.04,4068.39,4085.09,4085.09,848598656,UK,GBP
INDESXFTSE,2021-06-28,4085.09,4085.17,4051.65,4051.78,4051.78,939584448,UK,GBP
INDESXFTSE,2021-06-29,4051.78,4075.67,4051.25,4058.92,4058.92,841003968,UK,GBP
INDESXFTSE,2021-06-30,4058.92,4066.03,4018.77,4030.03,4030.03,1049570880,UK,GBP
INDESXFTSE,2021-07-01,4030.03,4083.34,4030.02,4079.21,4079.21,968417920,UK,GBP
INDESXFTSE,2021-07-02,4079.21,4100.01,4075.98,4082.3,4082.3,741122560,UK,GBP
INDESXFTSE,2021-07-05,4082.3,4111.96,4078.91,4110.72,4110.72,667550208,UK,GBP
INDESXFTSE,2021-07-06,4110.72,4113.24,4063.62,4076.49,4076.49,895160512,UK,GBP
INDESXFTSE,2021-07-07,4076.49,4104.27,4076.4,4102.51,4102.51,851648960,UK,GBP
INDESXFTSE,2021-07-08,4102.51,4102.53,4010.95,4035.66,4035.66,1035667712,UK,GBP
INDESXFTSE,2021-07-09,4035.66,4086.83,4035.6,4086.83,4086.83,909168832,UK,GBP
INDESXFTSE,2021-07-12,4086.83,4093.6,4058.75,4088.07,4088.07,714334912,UK,GBP
INDESXFTSE,2021-07-13,4088.07,4102.62,4084.65,4088.73,4088.73,846026944,UK,GBP
INDESXFTSE,2021-07-14,4088.73,4088.73,4060.51,4067.29,4067.29,808638272,UK,GBP
INDESXFTSE,2021-07-15,4067.29,4075.17,4019.02,4022.04,4022.04,933635136,UK,GBP
INDESXFTSE,2021-07-16,4022.04,4046.43,4004.78,4019.1,4019.1,889776704,UK,GBP
INDESXFTSE,2021-07-19,4019.1,4019.1,3909.83,3925.17,3925.17,1177577856,UK,GBP
INDESXFTSE,2021-07-20,3925.17,3971.03,3918.46,3948.19,3948.19,1246235392,UK,GBP
INDESXFTSE,2021-07-21,3948.19,4022.29,3948.19,4016.86,4016.86,1061999680,UK,GBP
INDESXFTSE,2021-07-22,4016.86,4035.53,4002.66,4006.99,4006.99,799798592,UK,GBP
INDESXFTSE,2021-07-23,4006.99,4044.67,4006.99,4041.5,4041.5,699366272,UK,GBP
INDESXFTSE,2021-07-26,4041.5,4048.85,4017.27,4042.06,4042.06,756370816,UK,GBP
INDESXFTSE,2021-07-27,4042.06,4043.42,3989.22,4026.43,4026.43,785461888,UK,GBP
INDESXFTSE,2021-07-28,4026.43,4045.01,4016.93,4040.22,4040.22,847556480,UK,GBP
INDESXFTSE,2021-07-29,4040.22,4077.51,4036.65,4070.79,4070.79,1068751744,UK,GBP
INDESXFTSE,2021-07-30,4070.79,4070.84,4026.42,4045.8,4045.8,966543552,UK,GBP
INDESXFTSE,2021-08-02,4045.8,4093.97,4045.8,4077.35,4077.35,760229632,UK,GBP
INDESXFTSE,2021-08-03,4077.35,4098.23,4072.42,4091.24,4091.24,839260416,UK,GBP
INDESXFTSE,2021-08-04,4091.24,4111.2,4091.24,4101.64,4101.64,900986880,UK,GBP
INDESXFTSE,2021-08-05,4101.64,4106.22,4088.05,4105.04,4105.04,1104800128,UK,GBP
INDESXFTSE,2021-08-06,4105.04,4111.58,4094.09,4104.66,4104.66,938390720,UK,GBP
INDESXFTSE,2021-08-09,4104.66,4113.13,4087.25,4108.98,4108.98,798664448,UK,GBP
INDESXFTSE,2021-08-10,4108.98,4129.13,4103.79,4126.3,4126.3,806933248,UK,GBP
INDESXFTSE,2021-08-11,4126.3,4160.05,4124.72,4160.05,4160.05,805068480,UK,GBP
INDESXFTSE,2021-08-12,4160.05,4160.05,4141.96,4147.02,4147.02,835039040,UK,GBP
INDESXFTSE,2021-08-13,4147.02,4163.52,4147,4160.37,4160.37,740322240,UK,GBP
INDESXFTSE,2021-08-16,4160.37,4160.37,4108.74,4127.39,4127.39,822511808,UK,GBP
INDESXFTSE,2021-08-17,4127.39,4143.91,4107.81,4139.61,4139.61,929805952,UK,GBP
INDESXFTSE,2021-08-18,4139.61,4149.52,4123.46,4138.53,4138.53,1080595968,UK,GBP
INDESXFTSE,2021-08-19,4138.53,4138.53,4045.61,4079.1,4079.1,851786048,UK,GBP
INDESXFTSE,2021-08-20,4079.1,4101.52,4065.43,4097.36,4097.36,794469248,UK,GBP
